date,BB01_Breakout_20D,PB07_TailReversal_10D,BB03_Reversal_10D,MeanReversion_Composite_10D,BB03_RegimeFiltered_10D,BB04_Reversal_5D,VB03_Continuation_5D,BB07_UpperTail_10D,PB07_BB03_BB04_Conditional
2018-01-02,0.0,0.0,0.0,0.0,0.0,0.0,0.0,0.0,0.0
2018-01-03,0.0,0.0,0.0,-0.0004999999999999449,0.0,0.0,0.0,0.0,0.0
2018-01-04,0.0,0.0,0.0,-0.006391702846116787,0.0,0.0,0.0,0.0,0.0
2018-01-05,0.0,0.0,0.0,4.045798438334636e-05,0.0,0.0,0.0,0.0,0.0
2018-01-08,0.0,0.0,0.0,0.005704345011732226,0.0,0.0,0.0,0.0,0.0
2018-01-09,0.0,0.0,0.0,0.001407940786033235,0.0,0.0,0.0,0.0,0.0
2018-01-10,0.0,0.0,0.0,0.0029324335181166727,0.0,0.0,0.0,0.0,0.0
2018-01-11,0.0,0.0,0.0,0.002202907838346757,0.0,0.0,0.0,0.0,0.0
2018-01-12,0.0,0.0,0.0,0.002677643673567154,0.0,0.0,0.0,0.0,0.0
2018-01-15,0.0,0.0,0.0,-0.01048268165331423,0.0,0.0,0.0,0.0,0.0
2018-01-16,0.0,0.0,0.0,0.042415209860630076,0.0,0.0,0.0,0.0,0.0
2018-01-17,0.0,0.0,0.0,-0.014133583214189005,0.0,0.0,0.0,0.0,0.0
2018-01-18,0.0,0.0,0.0,-0.0004999999999998339,0.0,0.0,0.0,0.0,0.0
2018-01-19,0.0,0.0,0.0,-0.014917148817255366,0.0,0.0,0.0,0.0,0.0
2018-01-22,0.0,0.0,0.0,-0.003878073373148383,0.0,0.0,0.0,0.0,0.0
2018-01-23,0.0,0.0,0.0,0.0015838677277293378,0.0,0.0,0.0,0.0,0.0
2018-01-24,0.0,0.0,0.0,0.010369510543625449,0.0,0.0,0.0,0.0,0.0
2018-01-25,0.0,0.0,0.0,0.010556359228994783,0.0,0.0,0.0,0.0,0.0
2018-01-26,0.0,0.0,0.0,0.01003674872564897,0.0,0.0,0.0,0.0,0.0
2018-01-29,0.0,0.0,0.0,0.016125813275855272,0.0,0.0,0.0,0.0,0.0
2018-01-30,0.0,0.0,0.0,-0.03777029494097117,0.0,0.0,0.0,-0.0004999999999999449,0.0
2018-01-31,0.0,0.0,0.0,-0.006645817044566016,0.0,0.0,0.0,0.006645817044566016,0.0
2018-02-01,0.0,0.0,0.0,-0.0072927184466020645,0.0,0.0,0.0,0.006796116504854455,0.0
2018-02-02,0.0,0.0,0.0,-0.000500000000000056,0.0,0.0,-0.0004999999999999449,0.004088717454194812,0.0
2018-02-06,0.0,0.0,0.0,0.019131036072375096,0.0,0.0,-0.019131036072375207,-0.019131036072375207,0.0
2018-02-07,0.0,0.0,0.0,0.008381310460972013,0.0,0.0,-0.008381310460972125,-0.008381310460972125,0.0
2018-02-08,-0.0004999999999999449,0.0,0.0,-0.05075239938386211,0.0,0.0,0.05075239938386211,0.05075239938386211,0.0
2018-02-09,0.003721244925575018,0.0,0.0,-0.003721244925575018,0.0,0.0,0.003721244925575018,0.003721244925575018,0.0
2018-02-12,0.016739692169419174,0.0,0.0,-0.016739692169419174,0.0,0.0,0.016231322323334352,0.016739692169419174,0.0
2018-02-13,-0.0078821362799264,0.0,0.0,0.0078821362799264,0.0,0.0,0.0,-0.007882136279926288,0.0
2018-02-14,-0.005234630234630222,0.0,0.0,0.005234630234630444,0.0,0.0,0.0,-0.005732012919512863,0.0
2018-02-15,-0.007053554767680437,0.0,0.0,0.007053554767680437,0.0,0.0,0.0,-0.0004999999999998339,0.0
2018-02-16,0.0009020521686837757,0.0,-0.0004999999999999449,-0.0009020521686837757,-0.0004999999999999449,0.0,0.0,0.0009020521686837757,-0.0004999999999999449
2018-02-19,-0.00011265490048828486,0.0,0.00011265490048817384,-0.0003874014269620307,0.00011265490048817384,0.0,0.0,-0.00011265490048839588,-0.0003874014269620307
2018-02-20,-0.0062342734818040535,0.0,0.0062342734818039425,-0.0004999999999999449,0.0062342734818039425,0.0,0.0,-0.0062342734818039425,0.0
2018-02-21,0.008767620271342702,0.0,-0.008767620271342702,-0.008767620271342702,-0.008767620271342702,0.0,0.0,0.008767620271342702,0.0
2018-02-22,0.002772262390889013,0.0,-0.002772262390889013,-0.002772262390889013,-0.002772262390889013,0.0,0.0,0.002772262390889013,0.0
2018-02-23,0.016737026936152644,0.0,-0.016737026936152644,-0.016737026936152644,-0.016737026936152644,0.0,0.0,0.016737026936152644,0.0
2018-02-26,-0.01796803233510924,0.0,0.01796803233510924,0.01796803233510924,0.01796803233510924,0.0,0.0,-0.017968032335109352,0.0
2018-02-27,0.01642595225622978,0.0,-0.01642595225622978,-0.01642595225622978,-0.01642595225622978,0.0,0.0,0.01642595225622978,-0.0004999999999999449
2018-02-28,0.02193999631879273,0.0,-0.02193999631879273,-0.02193999631879273,-0.02193999631879273,0.0,0.0,0.02193999631879273,-0.02242902632063326
2018-03-01,-0.00947372212816533,0.0,0.009473722128165551,0.009473722128165551,0.009473722128165551,0.0,0.0,-0.009968985267101327,0.0
2018-03-02,0.01581933231507726,0.0,-0.016311422648919605,-0.01581933231507726,-0.016311422648919605,0.0,0.0,0.0,0.0
2018-03-05,0.004188594135968282,0.0,-0.0004999999999999449,-0.004188594135968282,-0.0004999999999999449,0.0,0.0,0.0,-0.0004999999999999449
2018-03-06,-7.130124777188218e-05,0.0,7.130124777177116e-05,-0.0004287344028520712,7.130124777177116e-05,0.0,0.0,0.0,7.130124777177116e-05
2018-03-07,-0.003458357102110843,0.0,0.0034583571021107318,-0.0004999999999999449,0.0034583571021107318,0.0,0.0,0.0,0.0034583571021107318
2018-03-08,-0.003932864656004842,0.0,0.0034345819469785432,0.0034345819469785432,0.0034345819469785432,0.0,0.0,0.0,0.0034345819469785432
2018-03-09,0.0,0.0,-0.01303177167474412,-0.01303177167474412,-0.01303177167474412,0.0,-0.0004999999999999449,0.0,-0.01303177167474412
2018-03-12,0.0,0.0,-0.002303494223545144,-0.002303494223545144,-0.002303494223545144,0.0,0.002303494223545144,0.0,-0.002303494223545144
2018-03-13,0.0,0.0,-7.071385638024452e-05,-7.071385638035554e-05,-7.071385638024452e-05,0.0,7.071385638024452e-05,0.0,-7.071385638024452e-05
2018-03-14,0.0,0.0,-0.004949619939897287,-0.004949619939897287,-0.004949619939897287,0.0,0.004949619939897287,0.0,-0.004949619939897287
2018-03-15,0.0,0.0,0.018328935795954182,0.018328935795954182,0.018328935795954182,0.0,-0.018328935795954182,0.0,0.017819771328056344
2018-03-16,0.0,0.0,0.004228784403669694,0.004228784403669694,0.004228784403669694,0.0,-0.0047266700114677596,0.0,0.0
2018-03-19,0.0,0.0,0.013744655581947818,0.014251781472684133,0.013744655581947818,0.0,0.0,0.0,0.0
2018-03-20,0.0,0.0,0.0,-0.004271631982475377,0.0,0.0,0.0,0.0,0.0
2018-03-21,0.0,0.0,0.0,0.019666593957901712,0.0,0.0,0.0,0.0,0.0
2018-03-22,0.0,0.0,0.0,-0.0004999999999999449,0.0,0.0,0.0,0.0,0.0
2018-03-23,0.0,0.0,0.0,-0.002370370370370356,0.0,0.0,0.0,0.0,0.0
2018-03-26,0.0,0.0,0.0,0.009569908365356206,0.0,0.0,0.0,0.0,0.0
2018-03-27,0.0,0.0,0.0,-0.008804327550830049,0.0,0.0,-0.0004999999999999449,0.0,0.0
2018-03-28,0.0,0.0,0.0,-0.020117599201213032,0.0,0.0,0.020117599201213032,0.0,0.0
2018-03-29,0.0,0.0,0.0,-0.0026826173645095874,0.0,0.0,0.0026826173645095874,0.0,0.0
2018-04-02,0.0,0.0,0.0,0.016197259481542936,0.0,0.0,-0.016197259481542936,0.0,0.0
2018-04-03,0.0,0.0,0.0,-0.00044099812575804087,0.0,-0.0004999999999999449,0.00044099812575804087,0.0,0.0
2018-04-04,0.0,0.0,0.0,-0.0006244719538623933,0.0,0.0006244719538623933,0.00012415971788537483,0.0,0.0
2018-04-05,0.0,0.0,0.0,0.023201174743024966,0.0,-0.023201174743024966,0.0,0.0,0.0
2018-04-06,0.0,0.0,0.0,-0.011731603277210012,0.0,0.011237221888154014,0.0,0.0,0.0
2018-04-09,0.0,0.0,0.0,-0.0004999999999999449,0.0,0.004794291448322108,0.0,0.0,0.0
2018-04-10,0.0,0.0,0.0,0.00125758248261576,0.0,0.0007569536913745178,0.0,0.0,0.0
2018-04-11,0.0,0.0,0.0,0.0013668267454747252,0.0,0.0,0.0,0.0,0.0
2018-04-12,0.0,0.0,0.0,-0.016158187921939016,0.0,0.0,0.0,0.0,0.0
2018-04-13,0.0,0.0,0.0,-0.012861374629719924,0.0,0.0,0.0,0.0,0.0
2018-04-16,0.0,-0.0004999999999999449,0.0,-0.022867127554508815,0.0,0.0,0.0,-0.0004999999999999449,-0.0004999999999999449
2018-04-17,0.0,0.022935779816513735,0.0,0.022935779816513735,0.0,0.0,0.0,0.022935779816513735,0.022424311926605656
2018-04-18,0.0,-0.010298700311621056,0.0,-0.010298700311621167,0.0,0.0,0.0,-0.010298700311621167,-0.0004999999999998339
2018-04-19,0.0,-0.005529316898974734,0.0,-0.005529316898974734,0.0,-0.0004999999999999449,0.0,-0.005529316898974734,-0.005529316898974734
2018-04-20,0.0,-0.006100621645623305,0.0,-0.006100621645623305,0.0,-0.006100621645623305,0.0,-0.006100621645623416,-0.006100621645623305
2018-04-23,0.0,-0.0064100073812207725,0.0,-0.0069068023775300524,0.0,-0.0064100073812207725,0.0,-0.0064100073812207725,-0.0064100073812207725
2018-04-24,0.0,-0.01614795120425394,0.0,-0.0004999999999999449,0.0,-0.01614795120425394,0.0,-0.016147951204254052,-0.01614795120425394
2018-04-25,0.0,0.006358542304176762,0.0,0.006358542304176762,0.0,0.006358542304176762,0.0,0.006358542304176762,0.006358542304176762
2018-04-26,0.0,0.003672550645658079,0.0,0.003672550645658079,0.0,0.003170714370335226,0.0,0.003672550645658079,0.003672550645658079
2018-04-27,0.0,-0.02175794774944917,0.0,-0.02175794774944917,0.0,-0.0004999999999999449,0.0,-0.02175794774944917,-0.02175794774944917
2018-04-30,0.0,0.003198427382053781,0.0,0.0037002775208141436,0.0,0.0037002775208141436,0.0,0.003198427382053781,0.0037002775208141436
2018-05-01,0.0,-0.0004999999999999449,0.0,0.010418753756762156,0.0,0.010418753756762156,-0.000500000000000056,-0.0004999999999999449,0.010418753756762156
2018-05-02,0.0,0.04009518143961932,0.0,0.04009518143961932,0.0,0.04009518143961932,0.04009518143961932,0.04009518143961932,0.03957513384889966
2018-05-03,0.0,-0.0128879737664912,0.0,-0.0128879737664912,0.0,-0.0128879737664912,-0.01288797376649109,-0.01288797376649109,0.0
2018-05-04,0.0,0.007377935723114959,0.0,0.007377935723114959,0.0,0.00687424675525361,0.007377935723114959,0.007377935723114959,0.0
2018-05-07,0.0,0.014149315541239993,0.0,0.014149315541239993,0.0,0.0,0.014149315541239993,0.014149315541239993,0.0
2018-05-08,0.0,0.0002268602540835829,0.0,-0.0002732531760434309,0.0,0.0,-0.00027325317604354193,0.0002268602540835829,0.0
2018-05-09,0.0,0.00733348453920013,0.0,-0.0004999999999999449,0.0,0.0,0.0,0.00733348453920013,0.0
2018-05-10,0.0,0.010694986490543235,0.0,-0.010694986490543124,0.0,0.0,0.0,0.010694986490543235,0.0
2018-05-11,0.0,-0.013960568818920938,0.0,0.013960568818921049,0.0,0.0,0.0,-0.013960568818921049,0.0
2018-05-14,0.0,0.003916104981737556,0.0,-0.003916104981737556,0.0,0.0,0.0,0.003916104981737556,0.0
2018-05-15,0.0,0.014495686583398948,0.0,-0.015003188177487692,0.0,0.0,0.0,0.01449568658339917,0.0
2018-05-16,0.0,0.0,-0.0004999999999999449,-0.015853072687631586,-0.0004999999999999449,0.0,0.0,-0.0004999999999999449,-0.000500000000000056
2018-05-17,0.0,0.0,-0.005238268461258633,-0.005238268461258522,-0.005238268461258633,0.0,0.0,0.005238268461258633,-0.005238268461258633
2018-05-18,0.0,0.0,0.002279800246073549,0.002279800246073549,0.002279800246073549,0.0,0.0,-0.00227980024607366,0.002279800246073549
2018-05-21,0.0,0.0,0.014326647564469885,0.014326647564469885,0.014326647564469885,0.0,0.0,-0.014326647564469774,0.013819484240687796
2018-05-22,0.0,0.0,0.005114807182808434,0.005114807182808434,0.005114807182808434,0.0,0.0,-0.005114807182808323,0.0
2018-05-24,0.0,0.0,0.014461663646114786,0.013954432814291762,0.014461663646114786,0.0,0.0,-0.014461663646114564,0.0
2018-05-25,0.0,0.0,-0.000788110785859164,-0.0004999999999999449,-0.000788110785859164,0.0,0.0,0.000788110785859164,0.0
2018-05-28,0.0,0.0,0.007312408594892572,-0.007312408594892683,0.007312408594892572,0.0,0.0,-0.007312408594892683,0.0
2018-05-29,0.0,0.0,-0.009255061952251342,0.009255061952251342,-0.009255061952251342,0.0,0.0,0.009255061952251342,0.0
2018-05-30,0.0,0.0,0.017142643260845247,-0.01714264326084536,0.017142643260845247,0.0,0.0,-0.01714264326084547,0.0
2018-05-31,0.0,0.0,-8.13054571767724e-05,-0.0004189039948206963,-8.13054571767724e-05,0.0,0.0,-0.0009186945428232285,0.0
2018-06-01,0.0,0.0,0.0,-0.0009524535202681816,0.0,0.0,0.0,0.0,0.0
2018-06-04,0.0,0.0,0.0,-0.0016397818708767664,0.0,0.0,0.0,0.0,0.0
2018-06-05,0.0,0.0,0.0,0.013636363636363669,0.0,0.0,0.0,0.0,0.0
2018-06-06,0.0,0.0,0.0,0.001771112032256772,0.0,-0.000500000000000056,0.0,0.0,0.0
2018-06-07,0.0,0.0,0.0,-0.016287992777610505,0.0,-0.016287992777610505,0.0,0.0,-0.0004999999999999449
2018-06-08,0.0,0.0,0.0,-0.008373389162938283,0.0,-0.007877327826851799,0.0,0.0,-0.007877327826851688
2018-06-11,0.0,-0.0004999999999999449,0.0,-0.0004999999999999449,0.0,-0.015571401040662902,0.0,0.0,-0.015571401040662902
2018-06-12,0.0,0.0221996006421048,0.0,0.0221996006421048,0.0,0.0221996006421048,0.0,0.0,0.021688500841783753
2018-06-13,0.0,-0.0004596292324190454,0.0,-0.00045962923241915643,0.0,-0.0009593994178027643,0.0,0.0,0.0
2018-06-15,0.0,0.010959534028203599,0.0,0.010959534028203599,0.0,0.0,0.0,0.0,0.0
2018-06-18,0.0,-0.01588204078538391,0.0,-0.01588204078538391,0.0,0.0,0.0,-0.0004999999999999449,0.0
2018-06-19,0.0,0.0231483264645842,0.0,0.0231483264645842,0.0,0.0,-0.0004999999999998339,0.0231483264645842,0.0
2018-06-20,0.0,0.002522210510465417,0.0,0.002522210510465417,0.0,0.0,0.002522210510465417,0.002522210510465417,0.0
2018-06-21,0.0,-0.004806428598250423,0.0,-0.004806428598250312,0.0,0.0,-0.004806428598250423,-0.004806428598250201,0.0
2018-06-22,0.0,0.010338452250688634,0.0,0.010338452250688634,0.0,0.0,0.010338452250688634,0.010338452250688634,0.0
2018-06-25,0.0,0.012025245546551266,0.0,0.012025245546551266,0.0,0.0,0.012025245546551266,0.012025245546551266,0.0
2018-06-27,-0.0004999999999998339,-0.0015327318351230357,0.0,-0.0015327318351230357,0.0,0.0,-0.0015327318351230357,-0.0010332484593528202,0.0
2018-06-28,-0.01211628680137411,0.0,0.0,-0.0004999999999999449,0.0,0.0,0.0,-0.01211628680137411,0.0
2018-06-29,0.003664510339154159,0.0,0.0,-0.003664510339154159,0.0,0.0,0.0,0.003664510339154159,0.0
2018-07-02,-0.009574904064677314,0.0,0.0,0.009574904064677314,0.0,0.0,0.0,-0.009574904064677314,0.0
2018-07-03,-0.012338248570568644,0.0,0.0,0.012338248570568755,0.0,0.0,0.0,-0.012832079446283284,0.0
2018-07-04,-0.009826325411334547,0.0,0.0,0.009826325411334658,0.0,0.0,0.0,-0.0004999999999999449,0.0
2018-07-05,0.012616355104238641,0.0,0.0,-0.012616355104238641,0.0,0.0,0.0,0.012616355104238641,0.0
2018-07-06,-0.015877839398313442,0.0,0.0,0.015877839398313442,0.0,0.0,0.0,-0.015877839398313554,0.0
2018-07-09,0.01798672224795439,0.0,0.0,-0.01798672224795439,0.0,0.0,0.0,0.01798672224795439,0.0
2018-07-10,0.011602335633578598,0.0,0.0,-0.011602335633578598,0.0,0.0,0.0,0.011602335633578598,0.0
2018-07-11,-0.016716641679160538,0.0,0.0,0.01671664167916065,0.0,0.0,0.0,-0.016716641679160427,0.0
2018-07-12,-0.008919722497522153,0.0,0.0,0.008415262636273457,0.0,0.0,0.0,-0.008919722497522153,0.0
2018-07-13,-0.00946153846153841,0.0,0.0,-0.0004999999999999449,0.0,0.0,0.0,-0.00946153846153841,-0.0004999999999999449
2018-07-16,-0.010328492661334288,-0.0004999999999999449,0.0,-0.010328492661334288,0.0,-0.0004999999999998339,0.0,-0.010328492661334288,-0.010328492661334399
2018-07-17,-0.02801318267419961,-0.0280131826741995,0.0,-0.02801318267419961,0.0,-0.02801318267419961,0.0,-0.02801318267419972,-0.02801318267419961
2018-07-18,-0.028013239686768387,-0.028013239686768387,0.0,-0.028013239686768276,0.0,-0.028013239686768387,0.0,-0.028499233066925034,-0.028013239686768387
2018-07-19,-0.009426910299003333,-0.009426910299003333,0.0,-0.009426910299003333,0.0,-0.009426910299003333,0.0,-0.0004999999999999449,-0.009426910299003333
2018-07-20,0.02469291074497959,0.02469291074497959,0.0,0.02469291074497959,0.0,0.02469291074497959,0.0,0.02469291074497959,0.02469291074497959
2018-07-23,-0.0056460191473692856,-0.0056460191473692856,0.0,-0.0056460191473692856,0.0,-0.006143196137795459,0.0,-0.005646019147369397,-0.0056460191473692856
2018-07-24,-0.029336734693877542,-0.029336734693877542,0.0,-0.029336734693877542,0.0,-0.0004999999999999449,0.0,-0.029336734693877542,-0.029336734693877542
2018-07-25,0.001194714085880566,0.001695561866813744,0.0,0.001695561866813744,0.0,0.001695561866813744,0.0,0.001695561866813744,0.001695561866813744
2018-07-26,0.0,0.00046549024586339804,0.0,0.00046549024586339804,0.0,0.00046549024586339804,0.0,0.00046549024586339804,0.00046549024586339804
2018-07-27,0.0,0.029819812198629503,0.0,0.029304902292530244,0.0,0.029819812198629503,-0.000500000000000056,0.029819812198629503,0.029819812198629503
2018-07-30,0.0,0.005124163141249527,0.0,-0.0004999999999999449,0.0,0.00562697662956424,0.00562697662956424,0.00562697662956424,0.00562697662956424
2018-07-31,0.0,0.0,0.0,0.017848390785819346,0.0,0.017339466590426733,0.017848390785819346,0.017848390785819346,0.017848390785819346
2018-08-01,0.0,-0.0004999999999999449,0.0,-0.015208057461578717,0.0,0.0,-0.015208057461578717,-0.015208057461578828,-0.015208057461578717
2018-08-02,0.0,-0.006926900823078785,0.0,-0.006926900823078785,0.0,0.0,-0.006926900823078785,-0.007423437372667263,-0.006926900823078785
2018-08-03,0.0,-0.00968324306581314,0.0,-0.00968324306581314,0.0,0.0,-0.010178401444280283,-0.0004999999999999449,-0.00968324306581314
2018-08-06,0.0,-0.0014501160092807996,0.0,-0.0014501160092807996,0.0,0.0,0.0,-0.0014501160092807996,-0.0014501160092807996
2018-08-07,0.0,0.0031948881789138905,0.0,0.0031948881789138905,0.0,0.0,0.0,0.0031948881789138905,0.0031948881789138905
2018-08-08,0.0,0.005583588386136151,0.0,0.005583588386136151,0.0,0.0,0.0,0.005583588386136151,0.005583588386136151
2018-08-09,0.0,-0.005840496853534938,0.0,-0.005840496853535049,0.0,0.0,0.0,-0.005840496853535049,-0.005840496853535049
2018-08-10,0.0,-0.009929254064788506,0.0,-0.009929254064788395,0.0,0.0,0.0,-0.009929254064788284,-0.009929254064788395
2018-08-13,0.0,-0.029334336216622847,0.0,-0.029819669048514408,0.0,0.0,0.0,-0.029334336216622847,-0.029334336216622847
2018-08-14,0.0,-0.0071031899780447105,0.0,-0.0004999999999999449,0.0,0.0,0.0,-0.0071031899780447105,-0.0071031899780447105
2018-08-15,0.0,0.010030632154006458,0.0,0.01053590010405836,0.0,0.0,0.0,0.01053590010405836,0.01053590010405836
2018-08-16,0.0,-0.0004999999999999449,0.0,0.012228085982751935,0.0,0.0,0.0,0.012228085982751935,0.012228085982751935
2018-08-17,0.0,-0.0033485927433027918,0.0,-0.0033485927433027918,0.0,0.0,0.0,-0.00384691844693108,-0.0033485927433027918
2018-08-20,0.0,0.009228937183685781,0.0,0.009228937183685781,0.0,0.0,0.0,0.0,0.009228937183685781
2018-08-21,0.0,0.016055625790138972,0.0,0.016055625790138972,0.0,0.0,0.0,0.0,0.016055625790138972
2018-08-22,0.0,0.0005391729915806831,0.0,0.0005391729915806831,0.0,0.0,0.0,0.0,0.0005391729915806831
2018-08-23,0.0,0.012767368595589357,0.0,0.012767368595589357,0.0,0.0,0.0,0.0,0.012260984911291573
2018-08-24,0.0,-0.0019237066142762105,0.0,-0.0019237066142763215,0.0,0.0,0.0,0.0,0.0
2018-08-27,0.0,-0.007709657576378981,0.0,-0.00770965757637887,0.0,0.0,0.0,0.0,0.0
2018-08-28,0.0,-0.0013638054304252467,0.0,-0.00186312352771012,0.0,0.0,0.0,0.0,0.0
2018-08-29,0.0,0.02027809965237548,0.0,-0.0004999999999999449,0.0,0.0,0.0,0.0,0.0
2018-08-30,0.0,0.005662245477407346,0.0,0.006165328141478188,0.0,0.0,0.0,0.0,0.0
2018-08-31,0.0,0.0,-0.000500000000000056,-0.006248488268967178,-0.000500000000000056,0.0,0.0,0.0,0.0
2018-09-03,0.0,0.0,-0.00016226522250617492,0.00016226522250617492,-0.00016226522250617492,0.0,0.0,0.0,0.0
2018-09-04,0.0,0.0,-0.011924558912999372,0.011924558912999483,-0.011924558912999372,0.0,0.0,0.0,0.0
2018-09-05,0.0,0.0,-0.005811856186620723,0.005811856186620723,-0.005811856186620723,0.0,0.0,0.0,0.0
2018-09-06,0.0,0.0,-0.005618873037379402,0.005618873037379402,-0.005618873037379402,0.0,0.0,0.0,0.0
2018-09-07,0.0,0.0,0.008084010303150313,-0.008084010303150313,0.008084010303150313,0.0,0.0,0.0,0.0
2018-09-10,0.0,0.0,0.011865287044065198,-0.011865287044065198,0.011865287044065198,0.0,0.0,0.0,0.0
2018-09-11,0.0,0.0,-0.006873130104309899,0.006873130104309899,-0.006873130104309899,0.0,0.0,0.0,0.0
2018-09-12,0.0,0.0,-0.004095727593960818,0.00359367973016389,-0.004095727593960818,0.0,0.0,0.0,0.0
2018-09-13,0.0,0.0,0.010637447012717072,-0.0004999999999999449,0.010637447012717072,0.0,0.0,0.0,0.0
2018-09-14,0.0,0.0,-0.011246443007275397,0.010751818916733935,-0.011246443007275397,0.0,0.0,0.0,0.0
2018-09-17,0.0,0.0,0.0,0.01223706310485495,0.0,0.0,0.0,0.0,0.0
2018-09-18,0.0,0.0,0.0,0.008612515802781218,0.0,0.0,0.0,0.0,0.0
2018-09-19,-0.0004999999999999449,0.0,0.0,0.003525264394829586,0.0,0.0,0.0,0.0,0.0
2018-09-20,-0.0008587041373926407,0.0,0.0,-0.0008587041373926407,0.0,0.0,0.0,0.0,0.0
2018-09-21,-0.005508242831471222,0.0,0.0,-0.005508242831471222,0.0,0.0,0.0,0.0,0.0
2018-09-24,-0.0027497348469968097,0.0,0.0,-0.0027497348469968097,0.0,0.0,0.0,0.0,0.0
2018-09-25,0.000748414542876219,0.0,0.0,0.000748414542876219,0.0,0.0,0.0,0.0,0.0
2018-09-26,0.0003542470282611454,0.0,0.0,0.0003542470282611454,0.0,0.0,0.0,0.0,0.0
2018-09-27,0.004249458980916776,0.0,0.0,0.0037473342514262598,0.0,0.0,0.0,0.0,0.0
2018-09-28,-0.007992790816126583,0.0,0.0,-0.0004999999999999449,0.0,0.0,0.0,0.0,0.0
2018-10-01,-0.01157233698013349,0.0,0.0,0.01157233698013349,0.0,0.0,0.0,0.0,0.0
2018-10-02,0.002157755933828831,0.0,0.0,-0.002157755933828831,0.0,0.0,0.0,0.0,0.0
2018-10-04,0.00047846889952141147,0.0,0.0,-0.00047846889952141147,0.0,0.0,0.0,0.0,0.0
2018-10-05,0.011956001912960312,0.0,0.0,-0.011956001912960312,0.0,0.0,0.0,0.0,0.0
2018-10-08,-0.007285759294265892,0.0,0.0,0.007285759294265892,0.0,0.0,0.0,0.0,0.0
2018-10-09,-0.003094378545642207,0.0,0.0,0.003094378545642096,0.0,0.0,0.0,0.0,0.0
2018-10-10,-0.006247761550399855,0.0,0.0,0.006247761550399744,0.0,0.0,0.0,0.0,0.0
2018-10-11,-0.0012013455069678214,0.0,0.0,0.0012013455069679324,0.0,0.0,0.0,0.0,0.0
2018-10-12,-0.0010023253949161814,0.0,0.0,0.0010023253949160704,0.0,0.0,0.0,0.0,0.0
2018-10-15,0.002809326965525605,0.0,0.0,-0.0033079223020427984,0.0,0.0,0.0,0.0,0.0
2018-10-16,-0.0025213110817624562,0.0,0.0,-0.0004999999999999449,0.0,0.0,0.0,0.0,0.0
2018-10-17,0.005255978173647868,0.0,0.0,0.005255978173647868,0.0,0.0,0.0,0.0,0.0
2018-10-18,0.009632628217920658,0.0,0.0,0.010137697066453732,0.0,0.0,0.0,0.0,0.0
2018-10-19,0.0,0.0,0.0,0.007625745782132931,0.0,0.0,0.0,0.0,0.0
2018-10-22,0.0,0.0,0.0,-0.009960003137008955,0.0,0.0,0.0,0.0,0.0
2018-10-23,0.0,0.0,0.0,0.00027724968314335463,0.0,0.0,0.0,0.0,0.0
2018-10-24,0.0,0.0,0.0,-0.0017026331419520702,0.0,0.0,0.0,0.0,0.0
2018-10-25,0.0,0.0,0.0,-0.007774075836903038,0.0,0.0,0.0,0.0,0.0
2018-10-26,0.0,0.0,0.0,0.006435881036136903,0.0,0.0,0.0,0.0,0.0
2018-10-29,0.0,0.0,0.0,0.011756762124160769,0.0,0.0,0.0,0.0,0.0
2018-10-30,0.0,0.0,0.0,-0.003128920818120995,0.0,0.0,0.0,0.0,0.0
2018-10-31,0.0,0.0,0.0,-0.000500000000000056,0.0,0.0,0.0,0.0,0.0
2018-11-01,0.0,0.0,0.0,0.0006674781106443817,0.0,0.0,0.0,0.0,0.0
2018-11-02,0.0,0.0,0.0,-0.0009429514380008275,0.0,0.0,0.0,0.0,0.0
2018-11-05,-0.0004999999999998339,0.0,-0.0004999999999999449,-0.011658031088082943,-0.0004999999999999449,0.0,0.0,0.0,-0.0004999999999999449
2018-11-06,0.0022892173980522124,0.0,-0.0022892173980522124,-0.0022892173980522124,-0.0022892173980522124,0.0,0.0,0.0,-0.0022892173980522124
2018-11-07,0.0007355218333848779,0.0,-0.0007355218333848779,-0.0007355218333848779,-0.0007355218333848779,0.0,0.0,0.0,-0.0012351540724681032
2018-11-08,0.0020888940466521344,0.0,-0.0020888940466521344,-0.0020888940466521344,-0.0020888940466521344,0.0,0.0,0.0,0.0
2018-11-09,0.002624975873383617,0.0,-0.002624975873383617,-0.002624975873383617,-0.002624975873383617,0.0,0.0,0.0,-0.0004999999999999449
2018-11-12,-0.0022715897277943986,0.0,0.0022715897277945096,0.0022715897277945096,0.0022715897277945096,0.0,0.0,0.0,0.0022715897277945096
2018-11-13,-0.007872192637184416,0.0,0.007872192637184305,0.007872192637184305,0.007872192637184305,0.0,0.0,0.0,0.007368256540865703
2018-11-14,0.015635939323220382,0.0,-0.015635939323220382,-0.01612812135355879,-0.015635939323220382,0.0,0.0,0.0,-0.0004999999999999449
2018-11-15,-0.0018382352941177516,0.0,0.0018382352941177516,-0.0004999999999999449,0.0018382352941177516,0.0,0.0,0.0,0.0018382352941177516
2018-11-16,-0.008901166359729817,0.0,0.008901166359729817,0.008901166359729817,0.008901166359729817,0.0,0.0,0.0,0.008396715776550101
2018-11-19,0.006271291421492631,0.0,-0.006768155775781826,-0.006271291421492631,-0.006768155775781826,0.0,0.0,0.0,0.0
2018-11-21,-0.0019235208124951386,0.0,0.0,0.0019235208124950276,0.0,0.0,0.0,0.0,0.0
2018-11-22,0.007323465926611039,0.0,0.0,-0.007323465926611039,0.0,0.0,0.0,0.0,0.0
2018-11-23,0.007499808678350206,0.0,0.0,-0.007499808678350206,0.0,0.0,0.0,0.0,0.0
2018-11-26,0.0064565134827192505,0.0,0.0,-0.0064565134827192505,0.0,0.0,0.0,0.0,0.0
2018-11-27,0.010264150943396277,0.0,-0.0004999999999999449,-0.010264150943396277,-0.0004999999999999449,0.0,0.0,0.0,-0.0004999999999999449
2018-11-28,-0.008703122665471574,0.0,0.008703122665471685,0.008703122665471685,0.008703122665471685,0.0,0.0,0.0,0.008198771104138913
2018-11-29,0.007347677003654907,0.0,-0.007347677003654907,-0.007347677003654907,-0.007347677003654907,0.0,0.0,0.0,0.0
2018-11-30,-0.007294082441834271,0.0,0.00729408244183416,0.006790435400613415,0.00729408244183416,0.0,0.0,0.0,0.0
2018-12-03,0.001620256980293222,0.0,-0.001620256980293222,-0.0004999999999999449,-0.001620256980293222,0.0,0.0,0.0,0.0
2018-12-04,-0.0036960537205625865,0.0,0.0031976525468362382,0.0031976525468362382,0.0031976525468362382,0.0,0.0,0.0,0.0
2018-12-05,0.0,0.0,0.0053213571347701105,0.0053213571347701105,0.0053213571347701105,0.0,0.0,0.0,0.0
2018-12-06,0.0,0.0,-0.005956897860069699,-0.005956897860069699,-0.005956897860069699,0.0,0.0,0.0,0.0
2018-12-07,0.0,0.0,-0.0014332591558858798,-0.0014332591558858798,-0.0014332591558858798,0.0,0.0,0.0,0.0
2018-12-10,0.0,0.0,-0.006063801740047614,-0.006063801740047614,-0.006063801740047614,0.0,0.0,0.0,0.0
2018-12-11,0.0,0.0,0.012259415244085359,0.012765798143156815,0.012259415244085359,0.0,0.0,0.0,0.0
2018-12-12,0.0,0.0,0.0,0.0072048841530469865,0.0,0.0,0.0,0.0,0.0
2018-12-13,0.0,0.0,0.0,0.0034376074252318034,0.0,0.0,0.0,0.0,0.0
2018-12-14,0.0,0.0,0.0,0.003219500977348577,0.0,0.0,0.0,0.0,0.0
2018-12-17,0.0,0.0,0.0,-0.0056883146845081445,0.0,0.0,0.0,0.0,0.0
2018-12-18,0.0,0.0,0.0,-0.000500000000000056,0.0,0.0,0.0,0.0,0.0
2018-12-19,0.0,0.0,0.0,0.0030577533157511994,0.0,0.0,0.0,0.0,0.0
2018-12-20,0.0,0.0,0.0,-0.0032588275888509877,0.0,0.0,0.0,0.0,0.0
2018-12-21,0.0,0.0,0.0,-0.009591867930296427,0.0,0.0,0.0,0.0,0.0
2018-12-24,0.0,0.0,0.0,0.0048828494644006515,0.0,0.0,0.0,0.0,0.0
2018-12-25,0.0,0.0,0.0,-0.01285659946747808,0.0,0.0,0.0,0.0,0.0
2018-12-26,0.0,0.0,0.0,-0.0007135346252067354,0.0,0.0,0.0,0.0,0.0
2018-12-27,0.0,0.0,0.0,-0.004390738169399722,0.0,0.0,0.0,0.0,0.0
2018-12-28,0.0,0.0,0.0,0.0038858167687938483,0.0,0.0,0.0,0.0,0.0
2018-12-31,0.0,0.0,0.0,-0.0019129782445611587,0.0,0.0,0.0,0.0,0.0
2019-01-01,0.0,0.0,-0.0004999999999998339,-0.0020715997154728827,-0.0004999999999998339,0.0,0.0,0.0,-0.0004999999999999449
2019-01-02,0.0,0.0,-0.00100923260942698,-0.0004999999999999449,-0.00100923260942698,0.0,0.0,0.0,-0.001009232609427091
2019-01-03,0.0,0.0,0.003696788648245075,0.003696788648245075,0.003696788648245075,0.0,0.0,0.0,0.003194940253921086
2019-01-04,0.0,0.0,-0.011056557100558306,-0.011056557100558306,-0.011056557100558306,0.0,0.0,0.0,-0.0004999999999999449
2019-01-07,-0.0004999999999998339,0.0,-0.008822657176749793,-0.008822657176749904,-0.008822657176749793,0.0,0.0,0.0,-0.008822657176749793
2019-01-08,-0.00852502388476517,0.0,0.00852502388476517,0.00852502388476517,0.00852502388476517,0.0,0.0,0.0,0.00852502388476517
2019-01-09,0.01345341338670214,0.0,-0.01345341338670214,-0.01345341338670214,-0.01345341338670214,0.0,0.0,0.0,-0.01345341338670214
2019-01-10,-0.0027061620040227385,0.0,0.0027061620040227385,0.0027061620040227385,0.0027061620040227385,0.0,0.0,0.0,0.0027061620040227385
2019-01-11,-0.0059403762238274815,0.0,0.0059403762238274815,0.0059403762238274815,0.0059403762238274815,0.0,0.0,0.0,0.0059403762238274815
2019-01-14,-0.0012173079051237545,0.0,0.0012173079051236435,0.0012173079051236435,0.0012173079051236435,0.0,0.0,0.0,0.0007166992511711268
2019-01-15,0.01377603781947112,0.0,-0.014269149800561265,-0.01377603781947112,-0.014269149800561265,0.0,0.0,0.0,-0.0004999999999999449
2019-01-16,0.011330103100295252,0.0,-0.0004999999999999449,-0.011824438048745112,-0.0004999999999999449,0.0,0.0,0.0,-0.011330103100295252
2019-01-17,0.0012247838616714635,0.0,-0.0012247838616714635,-0.0004999999999999449,-0.0012247838616714635,0.0,0.0,0.0,-0.0012247838616714635
2019-01-18,0.007339713607253495,0.0,-0.007339713607253495,-0.007339713607253495,-0.007339713607253495,0.0,0.0,0.0,-0.007339713607253495
2019-01-21,-0.00564326023287387,0.0,0.005643260232873981,0.005643260232873981,0.005643260232873981,0.0,0.0,0.0,0.005643260232873981
2019-01-22,-0.0014008620689655027,0.0,0.0014008620689653917,0.0014008620689653917,0.0014008620689653917,0.0,0.0,0.0,0.0009001616379309407
2019-01-23,0.01104276824574657,0.0,-0.01104276824574657,-0.01104276824574657,-0.01104276824574657,0.0,0.0,0.0,-0.0004999999999999449
2019-01-24,0.006866372562971401,0.0,-0.006866372562971401,-0.006866372562971401,-0.006866372562971401,0.0,0.0,0.0,-0.006866372562971401
2019-01-25,0.00932829228649168,0.0,-0.00932829228649168,-0.00932829228649168,-0.00932829228649168,0.0,0.0,0.0,-0.00932829228649168
2019-01-28,-0.00910204796079117,0.0,0.00910204796079106,0.00910204796079106,0.00910204796079106,0.0,0.0,0.0,0.00910204796079106
2019-01-29,-0.0007772478360714707,0.0,0.0007772478360714707,0.0007772478360714707,0.0007772478360714707,0.0,0.0,0.0,0.00027685921215359066
2019-01-30,-0.006399604002404247,0.0,0.005896404200403049,0.006399604002404136,0.005896404200403049,0.0,0.0,0.0,0.0
2019-01-31,0.01658244964771205,0.0,-0.0004999999999999449,-0.017074158422888064,-0.0004999999999999449,0.0,-0.0004999999999998339,0.0,-0.0004999999999999449
2019-02-01,-0.010151218146177698,0.0,0.010151218146177587,-0.0004999999999999449,0.010151218146177587,0.0,-0.010151218146177698,0.0,0.009646142537104607
2019-02-04,0.01537012872197474,0.0,-0.015878067755852543,-0.015878067755852432,-0.015878067755852543,0.0,0.015878067755852543,0.0,0.0
2019-02-05,0.0,0.0,0.00010443137118376633,0.00010443137118376633,0.00010443137118376633,0.0,-0.00010443137118365531,0.0,0.0
2019-02-06,0.0,0.0,0.0017407046372373003,0.0017407046372373003,0.0017407046372373003,0.0,-0.0017407046372370782,0.0,0.0
2019-02-07,0.0,0.0,-0.010427565041501108,-0.010427565041501108,-0.010427565041501108,0.0,0.009922351258980333,0.0,0.0
2019-02-08,-0.0004999999999999449,0.0,-0.013495323231974554,-0.013495323231974554,-0.013495323231974554,0.0,0.0,0.0,-0.0004999999999999449
2019-02-11,-0.011885301730009568,0.0,0.011885301730009568,0.011885301730009568,0.011885301730009568,0.0,0.0,0.0,0.011379359079144447
2019-02-12,0.023849732896777498,0.0,-0.023849732896777498,-0.023849732896777498,-0.023849732896777498,0.0,0.0,0.0,-0.0004999999999999449
2019-02-13,-0.0020870501901908423,0.0,0.0020870501901908423,0.0020870501901908423,0.0020870501901908423,0.0,0.0,0.0,0.001586006665095896
2019-02-14,-0.02148760330578514,0.0,0.020976859504132417,0.02148760330578514,0.020976859504132417,0.0,0.0,0.0,0.0
2019-02-15,-0.008135686707115175,0.0,0.0,0.0076316188637617355,0.0,0.0,0.0,0.0,0.0
2019-02-18,0.0034756012790213564,0.0,0.0,-0.0004999999999999449,0.0,0.0,0.0,0.0,0.0
2019-02-19,0.019014962593516094,0.0,0.0,-0.019014962593516094,0.0,0.0,0.0,0.0,0.0
2019-02-20,0.019883756500459038,0.0,0.0,-0.019883756500459038,0.0,0.0,0.0,0.0,0.0
2019-02-21,0.009098180363927177,0.0,-0.0004999999999999449,-0.009098180363927177,-0.0004999999999999449,0.0,0.0,0.0,-0.0004999999999999449
2019-02-22,0.00023118332837945843,0.0,-0.00023118332837945843,-0.00023118332837945843,-0.00023118332837945843,0.0,0.0,0.0,-0.000731067736715274
2019-02-25,0.019381892623654418,0.0,-0.019381892623654418,-0.019381892623654307,-0.019381892623654418,0.0,0.0,0.0,-0.0004999999999999449
2019-02-26,-0.0010688951511030886,0.0,0.0010688951511030886,0.0010688951511030886,0.0010688951511030886,0.0,0.0,0.0,0.0010688951511030886
2019-02-27,-0.00577172503242529,0.0,0.005771725032425401,0.005771725032425401,0.005771725032425401,0.0,0.0,0.0,0.0052688391699091675
2019-02-28,0.009621029287065319,0.0,-0.009621029287065319,-0.009621029287065319,-0.009621029287065319,0.0,0.0,0.0,0.0
2019-03-01,-0.022612010207707534,0.0,0.022612010207707423,0.022612010207707423,0.022612010207707423,0.0,0.0,-0.0004999999999999449,0.0
2019-03-04,-0.0016194599596788262,0.0,0.0016194599596788262,0.0011186502296989254,0.0016194599596788262,0.0,0.0,-0.0016194599596788262,0.0
2019-03-05,0.0011255296610170884,0.0,-0.0011255296610170884,-0.0004999999999999449,-0.0011255296610170884,0.0,0.0,0.0011255296610170884,0.0
2019-03-06,-0.016037299120428616,0.0,0.016037299120428727,0.016037299120428727,0.016037299120428727,0.0,0.0,-0.016037299120428616,0.0
2019-03-07,-0.008300567933595349,0.0,0.007796417649628795,0.00830056793359546,0.007796417649628795,0.0,0.0,-0.008300567933595349,0.0
2019-03-08,-0.0008725686208065353,0.0,0.0,0.00037275499830569103,0.0,0.0,0.0,-0.00037275499830569103,0.0
2019-03-11,0.0,0.0,0.0,0.018983694362520787,0.0,0.0,0.0,-0.018983694362520787,0.0
2019-03-12,0.0,0.0,0.0,0.002937212757869734,0.0,0.0,0.0,-0.002937212757869734,0.0
2019-03-13,0.0,0.0,0.0,0.0034310667498440584,0.0,0.0,0.0,-0.0034310667498440584,0.0
2019-03-14,0.0,-0.0004999999999999449,0.0,0.028934098417666476,0.0,-0.0004999999999999449,0.0,-0.028934098417666476,-0.000500000000000056
2019-03-15,0.0,0.0018264513125381132,0.0,-0.0018264513125381132,0.0,0.0018264513125381132,0.0,0.001325538086881961,0.0018264513125381132
2019-03-18,0.0,0.0013584042325016643,0.0,-0.0013584042325016643,0.0,0.0013584042325016643,0.0,0.0,0.0013584042325016643
2019-03-19,0.0,0.014065400542624618,0.0,-0.014558367842353204,0.0,0.014065400542624618,0.0,0.0,0.014065400542624618
2019-03-20,0.0,0.005667816658452507,0.0,-0.000500000000000056,0.0,0.005667816658452507,0.0,0.0,0.005164982750123226
2019-03-21,0.0,0.023418629887632658,0.0,0.023418629887632658,0.0,0.022906920572688838,0.0,0.0,0.0
2019-03-22,0.0,0.01392119304966477,0.0,0.01392119304966477,0.0,0.0,0.0,0.0,0.0
2019-03-25,0.0,0.023648078804439532,0.0,0.023648078804439532,0.0,0.0,0.0,0.0,0.0
2019-03-26,0.0,0.001515950435011737,0.0,0.001515950435011737,0.0,0.0,0.0,0.0,0.0
2019-03-27,0.0,-0.0039486673247778326,0.0,-0.0039486673247778326,0.0,0.0,0.0,0.0,0.0
2019-03-28,0.0,0.005410488932936941,0.0,0.005913445655764793,0.0,0.0,-0.000500000000000056,0.0,0.0
2019-03-29,0.0,0.0,-0.000500000000000056,0.004499326743078624,-0.000500000000000056,0.0,0.004499326743078624,0.0,-0.0004999999999999449
2019-04-01,0.0,0.0,-0.010920028771333135,0.010920028771333135,-0.010920028771333135,0.0,0.010920028771333135,0.0,-0.010920028771333135
2019-04-02,0.0,0.0,0.019793014230271577,-0.01979301423027169,0.019793014230271577,0.0,-0.0197930142302718,0.0,0.019283117723156495
2019-04-03,0.0,0.0,0.003695393955391424,-0.004193546258413505,0.003695393955391424,0.0,-0.003695393955391202,0.0,-0.0004999999999998339
2019-04-04,0.0,0.0,0.00026493575307995343,-0.0004999999999999449,0.00026493575307995343,0.0,-0.0007648032852031195,0.0,0.00026493575307995343
2019-04-05,0.0,0.0,0.0036107062408903268,0.0036107062408903268,0.0036107062408903268,0.0,0.0,0.0,0.0036107062408903268
2019-04-08,0.0,0.0,-0.001928255593603545,-0.001928255593603545,-0.001928255593603545,0.0,0.0,0.0,-0.001928255593603545
2019-04-09,0.0,0.0,-0.00026545442479330994,-0.00026545442479330994,-0.00026545442479330994,0.0,0.0,0.0,-0.00026545442479342096
2019-04-10,0.0,0.0,-0.0014264388787528226,-0.0014264388787528226,-0.0014264388787528226,0.0,0.0,0.0,-0.001925725659313482
2019-04-11,0.0,0.0,0.01696038160858615,0.01696038160858615,0.01696038160858615,0.0,0.0,0.0,0.0
2019-04-12,0.0,0.0,0.017956867502359142,0.0184661005526352,0.017956867502359142,-0.000500000000000056,0.0,0.0,-0.0004999999999999449
2019-04-15,0.0,0.0,0.0,0.01029936830541045,0.0,-0.010299368305410672,0.0,0.0,-0.010299368305410561
2019-04-16,0.0,-0.0004999999999999449,0.0,0.023137227695296136,0.0,-0.023137227695296136,0.0,0.0,-0.023137227695296136
2019-04-17,0.0,-0.011931394481730084,0.0,0.011931394481730084,0.0,-0.011931394481730195,0.0,0.0,-0.011931394481730084
2019-04-18,0.0,-0.006900269541779025,0.0,0.006396819407008092,0.0,-0.006900269541779025,0.0,0.0,-0.006900269541779025
2019-04-19,0.0,0.0006152064560489556,0.0,-0.0004999999999999449,0.0,0.00011489885282101042,0.0,0.0,0.0006152064560489556
2019-04-22,0.0,0.018589511754068644,0.0,0.018589511754068644,0.0,-0.0004999999999999449,0.0,0.0,0.018589511754068644
2019-04-23,0.0,-0.004864365857122688,0.0,-0.004864365857122577,0.0,-0.004864365857122577,0.0,0.0,-0.004864365857122577
2019-04-24,0.0,-0.0064223784208085055,0.0,-0.0064223784208083945,0.0,-0.0064223784208083945,0.0,0.0,-0.0064223784208083945
2019-04-25,0.0,-0.02801019858512599,0.0,-0.02801019858512588,0.0,-0.02801019858512599,0.0,-0.0004999999999999449,-0.02801019858512588
2019-04-26,0.0,0.0003694535781577635,0.0,0.0003694535781577635,0.0,0.0003694535781577635,0.0,0.0003694535781577635,0.0003694535781577635
2019-04-29,0.0,0.007423274365697896,0.0,0.007423274365697896,0.0,0.006919562728515016,0.0,0.007423274365697896,0.007423274365697896
2019-04-30,0.0,0.004666416159542663,0.0,0.00516900065987258,0.0,-0.0004999999999999449,0.0,0.00516900065987258,0.00516900065987258
2019-05-01,0.0,-0.0004999999999999449,0.0,0.01236368941245125,0.0,0.01236368941245125,0.0,0.01236368941245125,0.01236368941245125
2019-05-02,0.0,0.01077166942863328,0.0,0.01077166942863328,0.0,0.01077166942863328,0.0,0.01077166942863328,0.01077166942863328
2019-05-03,0.0,0.015539793990804407,0.0,0.015032024093809104,0.0,0.015539793990804407,0.0,0.015539793990804407,0.015032024093809104
2019-05-06,0.0,-0.0021408767065596024,0.0,-0.0004999999999998339,0.0,-0.0021408767065596024,0.0,-0.0021408767065596024,0.0
2019-05-07,0.0,-0.030564153066966804,0.0,-0.030564153066966804,0.0,-0.031048870990433186,0.0,-0.030564153066966804,-0.0004999999999999449
2019-05-08,0.0,0.00899756920509387,0.0,0.00899756920509387,0.0,0.0,0.0,0.00899756920509387,0.00899756920509387
2019-05-09,0.0,-0.012477077415411375,0.0,-0.012477077415411264,0.0,0.0,0.0,-0.012970838876703472,-0.012477077415411264
2019-05-10,0.0,-0.01285318963006099,0.0,-0.012853189630061101,0.0,0.0,0.0,-0.0004999999999999449,-0.012853189630061101
2019-05-13,0.0,-0.008889380694183213,0.0,-0.008889380694183213,0.0,0.0,0.0,-0.008889380694183213,-0.008889380694183213
2019-05-14,0.0,0.019910681056940938,0.0,0.019910681056940938,0.0,0.0,0.0,0.019910681056940938,0.019910681056940938
2019-05-15,0.0,0.006502517788724793,0.0,0.0070060207991242684,0.0,0.0,0.0,0.0070060207991242684,0.0070060207991242684
2019-05-16,0.0,0.0,0.0,0.015182809725694746,0.0,0.0,0.0,0.015182809725694746,0.014675218320832073
2019-05-17,0.0,0.0,0.0,-0.010101370645345664,0.0,0.0,0.0,-0.010101370645345664,0.0
2019-05-20,0.0,0.0,0.0,-0.006482656041538859,0.0,0.0,0.0,-0.00598564886597186,-0.0004999999999998339
2019-05-21,0.0,-0.000500000000000056,0.0,-0.000500000000000056,0.0,0.0,0.0,-0.015416984075162454,-0.015416984075162343
2019-05-22,0.0,0.009137130646230895,0.0,0.009137130646230895,0.0,0.0,0.0,0.009137130646230895,0.009137130646230895
2019-05-23,0.0,-0.001898503103322402,0.0,-0.001898503103322291,0.0,0.0,0.0,-0.001898503103322291,-0.001898503103322291
2019-05-24,0.0,0.01002267905479548,0.0,0.01002267905479548,0.0,0.0,0.0,0.009517667715268185,0.009517667715268185
2019-05-27,0.0,0.01669563957699549,0.0,0.01669563957699549,0.0,0.0,0.0,-0.0004999999999999449,0.0
2019-05-28,0.0,0.005450076586043462,0.0,0.005450076586043462,0.0,0.0,0.0,0.005450076586043462,0.0
2019-05-29,0.0,0.006022815843548468,0.0,0.006022815843548468,0.0,0.0,0.0,0.006022815843548468,0.0
2019-05-30,0.0,-0.016269897168615266,0.0,-0.016269897168615155,0.0,0.0,0.0,-0.016269897168615266,0.0
2019-05-31,0.0,0.030572062719266935,0.0,0.030572062719266935,0.0,0.0,0.0,0.030572062719266935,0.0
2019-06-03,-0.0004999999999999449,0.002709462275948482,0.0,0.002709462275948482,0.0,0.0,0.0,0.002709462275948482,0.0
2019-06-04,0.006893923647197209,0.006390476685373736,0.0,0.006390476685373736,0.0,0.0,0.0,0.006893923647197209,0.0
2019-06-05,0.0031309134698092045,0.0,0.0,-0.0004999999999998339,0.0,0.0,0.0,0.0031309134698092045,0.0
2019-06-06,0.012347372753464203,0.0,-0.0004999999999999449,-0.012347372753464092,-0.0004999999999999449,0.0,0.0,0.012347372753464203,-0.000500000000000056
2019-06-07,0.023139991868816878,0.0,-0.023139991868816878,-0.023139991868816878,-0.023139991868816878,0.0,0.0,0.023139991868816878,-0.023139991868816878
2019-06-10,-0.004602801417265434,0.0,0.004602801417265434,0.004602801417265434,0.004602801417265434,0.0,0.0,-0.005100500016556819,0.004602801417265434
2019-06-11,0.0005322687957416417,0.0,-0.0005322687957416417,-0.0005322687957417527,-0.0005322687957416417,0.0,0.0,0.0,-0.0005322687957416417
2019-06-12,0.0021279425455511536,0.0,-0.0021279425455511536,-0.0021279425455511536,-0.0021279425455511536,0.0,0.0,0.0,-0.0021279425455511536
2019-06-13,0.007896483078964733,0.0,-0.007896483078964733,-0.007896483078964733,-0.007896483078964733,0.0,0.0,0.0,-0.007896483078964733
2019-06-14,0.014056224899598568,0.0,-0.014056224899598568,-0.01405622489959868,-0.014056224899598568,0.0,0.0,0.0,-0.014056224899598568
2019-06-17,-0.005810745008927087,0.0,0.005810745008927309,0.005810745008927309,0.005810745008927309,0.0,0.0,0.0,0.005810745008927309
2019-06-18,-0.007216090903154115,0.0,0.007216090903154004,0.007216090903154004,0.007216090903154004,0.0,0.0,0.0,0.007216090903154004
2019-06-19,0.003913829962177262,0.0,-0.003913829962177262,-0.0044118730471961465,-0.003913829962177262,0.0,0.0,0.0,-0.003913829962177262
2019-06-20,-0.002227755209015747,0.0,0.001726641331411205,-0.0004999999999998339,0.001726641331411205,0.0,0.0,0.0,0.002227755209015747
2019-06-21,-0.014053060152351193,0.0,0.0,0.014053060152351193,0.0,0.0,0.0,0.0,0.013546033622275022
2019-06-24,-0.0026308778473422834,0.0,0.0,0.0026308778473422834,0.0,0.0,0.0,0.0,0.0
2019-06-25,-0.003806471000701195,0.0,0.0,0.003806471000701084,0.0,0.0,0.0,0.0,0.0
2019-06-26,0.002748449807273401,0.0,0.0,-0.002748449807273401,0.0,0.0,0.0,0.0,0.0
2019-06-27,0.004913594277500932,0.0,0.0,-0.004913594277500821,0.0,0.0,0.0,0.0,0.0
2019-06-28,-0.005288717402873733,0.0,0.0,0.005288717402873733,0.0,0.0,0.0,0.0,0.0
2019-07-01,-0.0017700551747197313,0.0,0.0,0.0012706905199799667,0.0,0.0,0.0,0.0,0.0
2019-07-02,0.0,0.0,0.0,0.0006361536143568713,0.0,0.0,0.0,0.0,0.0
2019-07-03,0.0,0.0,0.0,0.01594746716697948,0.0,-0.0004999999999999449,0.0,0.0,0.0
2019-07-04,0.0,0.0,0.0,-0.00822458463843112,0.0,0.007728448862862614,0.0,0.0,0.0
2019-07-05,0.0,0.0,0.0,-0.0004999999999999449,0.0,-0.00530423325112328,0.0,0.0,0.0
2019-07-08,0.0,0.0,0.0,-0.003770124312207135,0.0,-0.003770124312207135,0.0,0.0,0.0
2019-07-09,0.0,0.0,0.0,-0.009409839419044719,0.0,-0.009409839419044719,0.0,0.0,0.0
2019-07-10,0.0,0.0,0.0,-0.006470487007399606,0.0,-0.006967251763895899,0.0,0.0,-0.0004999999999999449
2019-07-11,0.0,0.0,0.0,-0.00048498285239217953,0.0,-0.0004999999999999449,0.0,0.0,-0.00048498285239217953
2019-07-12,0.0,0.0,0.0,0.00835268429626046,0.0,0.00835268429626046,0.0,0.0,0.007848507954112405
2019-07-15,0.0,0.0,0.0,0.00464013198597657,0.0,0.00464013198597657,0.0,0.0,0.0
2019-07-16,0.0,0.0,0.0,0.0018132676451467766,0.0,0.0018132676451467766,0.0,0.0,0.0
2019-07-17,0.0,0.0,0.0,-0.003654121986202963,0.0,-0.003654121986203074,0.0,0.0,0.0
2019-07-18,0.0,0.0,0.0,-0.001988003427591978,0.0,-0.002487009425878317,0.0,0.0,0.0
2019-07-19,0.0,0.0,0.0,-0.004241645773946479,0.0,0.0,0.0,0.0,0.0
2019-07-22,0.0,0.0,0.0,-0.0004999999999999449,0.0,0.0,0.0,0.0,0.0
2019-07-23,0.0,0.0,0.0,-0.0031968650097967677,0.0,0.0,0.0,0.0,0.0
2019-07-24,0.0,0.0,0.0,0.002379474446513541,0.0,0.0,0.0,0.0,0.0
2019-07-25,0.0,0.0,0.0,0.002167406337083344,0.0,0.0,0.0,0.0,0.0
2019-07-26,0.0,0.0,0.0,-0.004874699622382406,0.0,0.0,0.0,0.0,0.0
2019-07-29,0.0,0.0,0.0,-0.00013798813302068336,0.0,0.0,0.0,0.0,0.0
2019-07-30,0.0,0.0,0.0,0.00341567761523609,0.0,0.0,0.0,0.0,0.0
2019-07-31,0.0,0.0,0.0,-0.005123267888457295,0.0,0.0,0.0,0.0,0.0
2019-08-01,0.0,0.0,0.0,-0.0028340360821178523,0.0,0.0,0.0,0.0,0.0
2019-08-02,0.0,0.0,0.0,-0.0013517260501870743,0.0,0.0,0.0,0.0,0.0
2019-08-05,0.0,0.0,0.0,0.0034545691181062654,0.0,0.0,0.0,0.0,0.0
2019-08-06,0.0,0.0,0.0,-0.0004999999999999449,0.0,0.0,0.0,0.0,0.0
2019-08-07,0.0,0.0,0.0,-0.006688383698364331,0.0,0.0,0.0,0.0,0.0
2019-08-08,0.0,0.0,0.0,-0.007256742141436678,0.0,0.0,0.0,0.0,0.0
2019-08-09,0.0,0.0,0.0,-0.00551748374626615,0.0,-0.0004999999999999449,0.0,0.0,-0.0004999999999999449
2019-08-12,0.0,0.0,0.0,-0.0031804367799844746,0.0,-0.0031804367799845856,0.0,0.0,-0.0031804367799845856
2019-08-13,0.0,0.0,0.0,-0.0007090187180941454,0.0,-0.0007090187180941454,0.0,0.0,-0.0007090187180941454
2019-08-14,0.0,0.0,0.0,0.004647367674187608,0.0,0.004647367674187608,0.0,0.0,0.004647367674187608
2019-08-15,0.0,0.0,0.0,-0.003778382005014236,0.0,-0.003778382005014236,0.0,0.0,-0.003778382005014236
2019-08-16,0.0,0.0,0.0,-0.002800226853821086,0.0,-0.0032988267403941673,0.0,0.0,-0.002800226853821086
2019-08-19,0.0,-0.0004999999999999449,0.0,-0.010805815234777527,0.0,-0.0004999999999999449,0.0,0.0,-0.010805815234777527
2019-08-20,0.0,-0.004276114844227186,0.0,-0.004773976786805023,0.0,-0.004276114844227186,0.0,0.0,-0.004276114844227186
2019-08-21,0.0,-0.004907975460122671,0.0,-0.0004999999999999449,0.0,-0.004907975460122893,0.0,0.0,-0.004907975460122782
2019-08-22,0.0,-0.004968448538478332,0.0,-0.004968448538478332,0.0,-0.004968448538478332,0.0,0.0,-0.004968448538478332
2019-08-23,0.0,0.004920363013449114,0.0,0.004920363013449114,0.0,0.004920363013449114,0.0,0.0,0.004920363013449114
2019-08-26,0.0,-0.0014507471347745549,0.0,-0.0014507471347745549,0.0,-0.0019500217612071769,0.0,0.0,-0.0014507471347745549
2019-08-27,0.0,-0.001961354060729281,0.0,-0.0019613540607293922,0.0,-0.0004999999999999449,0.0,0.0,-0.0019613540607293922
2019-08-28,0.0,0.002365528786665738,0.0,0.002365528786665738,0.0,0.002365528786665738,0.0,0.0,0.002365528786665738
2019-08-29,0.0,-0.003449152234687558,0.0,-0.003449152234687558,0.0,-0.003449152234687558,0.0,0.0,-0.003449152234687558
2019-08-30,0.0,-0.0007286505392015696,0.0,-0.0007286505392015696,0.0,-0.0007286505392015696,0.0,0.0,-0.0007286505392015696
2019-09-02,0.0,-0.0014110215837829232,0.0,-0.0009114773224441208,0.0,-0.0009114773224442319,0.0,0.0,-0.0009114773224442319
2019-09-03,0.0,-0.0004999999999998339,0.0,-0.0027369266138743686,0.0,-0.003235558150567308,0.0,0.0,-0.0027369266138743686
2019-09-04,0.0,0.0022321428571430157,0.0,0.0017310267857144623,0.0,-0.0004999999999999449,0.0,0.0,0.0022321428571430157
2019-09-05,0.0,0.0005111541129649844,0.0,-0.0004999999999999449,0.0,0.0005111541129649844,0.0,0.0,0.0005111541129649844
2019-09-06,0.0,-0.008612195744991391,0.0,-0.00861219574499128,0.0,-0.00861219574499128,0.0,0.0,-0.00861219574499128
2019-09-09,0.0,0.0016564213936025585,0.0,0.0016564213936025585,0.0,0.0016564213936025585,0.0,0.0,0.0016564213936025585
2019-09-10,0.0,-0.0016169337057180266,0.0,-0.0016169337057180266,0.0,-0.0016169337057180266,0.0,0.0,-0.0016169337057180266
2019-09-11,0.0,-0.006441401648998979,0.0,-0.006441401648998868,0.0,-0.006938180948174444,0.0,0.0,-0.006441401648998979
2019-09-12,0.0,0.007520468269551328,0.0,0.007520468269551328,0.0,0.0,0.0,0.0,0.007520468269551328
2019-09-13,0.0,-0.004081482570966188,0.0,-0.004081482570966188,0.0,0.0,0.0,0.0,-0.004081482570966188
2019-09-16,0.0,0.009636330071995491,0.0,0.009636330071995491,0.0,0.0,0.0,0.0,0.009636330071995491
2019-09-17,0.0,0.0013640569004609304,0.0,0.001864989395158556,0.0,0.0,0.0,0.0,0.0013640569004611525
2019-09-18,0.0,0.0,0.0,0.004343541263641892,0.0,0.0,0.0,0.0,0.0
2019-09-19,-0.0004999999999999449,0.0,0.0,0.00996140427387715,0.0,0.0,0.0,0.0,0.0
2019-09-20,-0.003632570853114858,0.0,0.0,-0.0004999999999999449,0.0,0.0,0.0,0.0,0.0
2019-09-23,-0.008879904703461672,0.0,0.0,-0.008879904703461672,0.0,0.0,0.0,0.0,0.0
2019-09-24,-0.004224787850092726,0.0,0.0,-0.004224787850092726,0.0,0.0,0.0,0.0,0.0
2019-09-25,0.004718188800702183,0.0,0.0,0.004718188800702183,0.0,0.0,0.0,0.0,0.0
2019-09-26,-0.011467054969057089,0.0,0.0,-0.011467054969057089,0.0,0.0,0.0,0.0,0.0
2019-09-27,-0.007549254280979634,-0.0004999999999999449,0.0,-0.007549254280979634,0.0,0.0,0.0,0.0,-0.0004999999999999449
2019-09-30,-0.0038218923933208693,-0.0038218923933208693,0.0,-0.0038218923933208693,0.0,0.0,0.0,0.0,-0.0038218923933208693
2019-10-01,-0.001862405482921714,-0.001862405482921714,0.0,-0.001862405482921714,0.0,0.0,0.0,0.0,-0.001862405482921714
2019-10-02,-0.007351569205508168,-0.007351569205508168,0.0,-0.007351569205508168,0.0,0.0,0.0,0.0,-0.007351569205508168
2019-10-03,-0.005601503759398496,-0.005601503759398496,0.0,-0.005601503759398496,0.0,0.0,0.0,0.0,-0.005601503759398496
2019-10-04,-0.007183093266795115,-0.007183093266795115,0.0,-0.00767950172016163,0.0,0.0,0.0,0.0,-0.007183093266795115
2019-10-07,-0.004874147976086318,-0.004874147976086207,0.0,-0.0004999999999999449,0.0,-0.0004999999999999449,0.0,0.0,-0.004874147976086318
2019-10-08,0.0130103700302302,0.0130103700302302,0.0,0.0130103700302302,0.0,0.0130103700302302,0.0,0.0,0.0130103700302302
2019-10-09,-0.000679938050088813,-0.000679938050088924,0.0,-0.000679938050088813,0.0,-0.000679938050088813,0.0,0.0,-0.000679938050088813
2019-10-10,0.0064638064638062875,0.0064638064638062875,0.0,0.0064638064638062875,0.0,0.0064638064638062875,0.0,0.0,0.0064638064638062875
2019-10-11,-0.001690077367986098,-0.0021892323293020155,0.0,-0.001690077367986098,0.0,-0.001690077367986098,0.0,0.0,-0.001690077367986098
2019-10-14,-0.002482976562206196,-0.0004999999999999449,0.0,-0.002482976562206196,0.0,-0.0029817350739250736,0.0,0.0,-0.002482976562206196
2019-10-15,0.00407316613237807,0.00407316613237807,0.0,0.00407316613237807,0.0,-0.0004999999999999449,0.0,0.0,0.00407316613237807
2019-10-16,-0.004244450287345547,-0.004244450287345547,0.0,-0.004244450287345547,0.0,-0.004244450287345547,0.0,0.0,-0.004244450287345547
2019-10-18,-0.006155413051678549,-0.0056582421727651155,0.0,-0.0056582421727650045,0.0,-0.0056582421727650045,0.0,0.0,-0.0056582421727648935
2019-10-21,0.0,-0.00022761760242795415,0.0,-0.00022761760242795415,0.0,-0.00022761760242795415,0.0,0.0,-0.00022761760242795415
2019-10-22,0.0,-7.588980799888567e-05,0.0,-0.000575851863094945,0.0,-7.58898079989967e-05,0.0,0.0,-7.588980799888567e-05
2019-10-23,0.0,0.00045537340619317135,0.0,-0.0004999999999999449,0.0,-4.4854280509931677e-05,0.0,0.0,0.00045537340619317135
2019-10-24,0.0,-0.007851615839781445,0.0,-0.007851615839781445,0.0,0.0,0.0,0.0,-0.007851615839781445
2019-10-25,0.0,-0.023817716098941122,0.0,-0.02381771609894101,0.0,0.0,0.0,0.0,-0.02381771609894101
2019-10-28,0.0,-0.007323568575233197,0.0,-0.007323568575233086,0.0,-0.0004999999999999449,0.0,0.0,-0.007323568575233086
2019-10-29,0.0,-0.002156172328086292,0.0,-0.001657000828500399,0.0,-0.001657000828500399,0.0,0.0,-0.001657000828500399
2019-10-30,0.0,-0.000500000000000056,0.0,0.003319502074688785,0.0,0.003319502074688785,0.0,0.0,0.003319502074688785
2019-10-31,0.0,0.005080940564811565,0.0,0.005080940564811565,0.0,0.005080940564811565,0.0,0.0,0.005080940564811565
2019-11-01,0.0,0.003762050317422938,0.0,0.003762050317422938,0.0,0.003762050317422938,0.0,0.0,0.003762050317422938
2019-11-04,0.0,-0.011439056765831124,0.0,-0.011439056765831124,0.0,-0.01193333723744816,0.0,0.0,-0.011439056765831124
2019-11-05,0.0,0.006555823229730251,0.0,0.006555823229730251,0.0,-0.0004999999999999449,0.0,0.0,0.006555823229730251
2019-11-06,0.0,0.03154549378114346,0.0,0.031029721034252944,0.0,0.03154549378114346,-0.0004999999999999449,0.0,0.031029721034252944
2019-11-07,0.0,-0.0025864364231105164,0.0,-0.0004999999999999449,0.0,-0.0025864364231106274,-0.0025864364231106274,0.0,0.0
2019-11-08,0.0,0.01243183464897224,0.0,0.01243183464897224,0.0,0.01243183464897224,0.01243183464897224,0.0,0.0
2019-11-11,0.0,0.00821123206147134,0.0,0.00821123206147134,0.0,0.00821123206147134,0.00821123206147134,0.0,0.0
2019-11-12,0.0,-0.00026151604587731914,0.0,-0.00026151604587731914,0.0,-0.0007613852878542993,-0.00026151604587731914,0.0,0.0
2019-11-13,0.0,0.005625485799700902,0.0,0.006128550074738337,0.0,0.0,0.005625485799701124,0.0,0.0
2019-11-14,0.0,0.0,-0.0004999999999999449,0.009619670182736462,-0.0004999999999999449,0.0,0.0,0.0,-0.0004999999999999449
2019-11-15,0.0,0.0,0.02196225582165301,-0.02196225582165312,0.02196225582165301,0.0,0.0,0.0,0.021451274693742306
2019-11-18,0.0,0.0,-0.005642067253441629,0.005642067253441629,-0.005642067253441629,0.0,0.0,0.0,0.0
2019-11-19,0.0,0.0,-0.017317474566127977,0.017317474566127977,-0.017317474566127977,0.0,-0.000500000000000056,0.0,0.0
2019-11-20,0.0,0.0,0.0028677524909004326,-0.0028677524909005436,0.0028677524909004326,0.0,-0.0028677524909004326,0.0,0.0
2019-11-21,0.0,0.0,0.005125179750009146,-0.005622617160134125,0.005125179750009146,0.0,-0.005125179750009035,0.0,0.0
2019-11-22,0.0,0.0,0.0005188644281370891,-0.0004999999999999449,0.0005188644281370891,0.0,-0.0005188644281373112,0.0,0.0
2019-11-25,0.0,0.0,-0.002855235835063752,-0.002855235835063752,-0.002855235835063752,0.0,0.002855235835063752,0.0,0.0
2019-11-27,0.0,0.0,0.0037714919578479833,0.0037714919578479833,0.0037714919578479833,0.0,-0.004269606211869004,0.0,0.0
2019-11-28,0.0,0.0,-0.007423078350591972,-0.007423078350591972,-0.007423078350591972,0.0,0.0,0.0,0.0
2019-11-29,0.0,0.0,0.0035137604538924005,0.004015768338061498,0.0035137604538924005,0.0,0.0,0.0,0.0
2019-12-02,0.0,0.0,0.0,-0.004068950210845745,0.0,0.0,0.0,0.0,0.0
2019-12-03,0.0,0.0,0.0,0.025198938992042397,0.0,0.0,0.0,0.0,0.0
2019-12-04,0.0,0.0,0.0,-0.0022675736961450532,0.0,0.0,0.0,0.0,0.0
2019-12-05,0.0,0.0,0.0,-0.014064856711915708,0.0,0.0,0.0,0.0,0.0
2019-12-06,0.0,0.0,0.0,0.006581638344550722,0.0,0.0,0.0,0.0,0.0
2019-12-09,0.0,0.0,0.0,0.005672986225482957,0.0,0.0,0.0,0.0,0.0
2019-12-10,0.0,0.0,0.0,-0.0004999999999999449,0.0,0.0,0.0,0.0,0.0
2019-12-11,0.0,0.0,0.0,0.007137490608565056,0.0,0.0,0.0,0.0,0.0
2019-12-12,0.0,0.0,0.0,0.013838120104438634,0.0,0.0,0.0,0.0,0.0
2019-12-13,0.0,0.0,0.0,-0.021816710201979395,0.0,0.0,0.0,0.0,0.0
2019-12-16,0.0,0.0,0.0,0.008123965698811686,0.0,0.0,-0.0004999999999999449,0.0,0.0
2019-12-17,-0.0004999999999999449,0.0,0.0,0.027794359050887785,0.0,0.0,0.027794359050887785,0.0,0.0
2019-12-18,-0.031761588442411726,0.0,0.0,-0.031761588442411726,0.0,0.0,-0.031761588442411615,-0.0004999999999998339,0.0
2019-12-19,0.00048736597435694584,0.0,0.0,0.00048736597435694584,0.0,0.0,0.00048736597435694584,0.00048736597435694584,0.0
2019-12-20,0.021883313973095397,0.0,0.0,0.021883313973095397,0.0,0.0,0.021883313973095397,0.021883313973095397,0.0
2019-12-23,0.0044736166623886575,0.0,0.0,0.0044736166623886575,0.0,0.0,0.0039713798540574885,0.0044736166623886575,0.0
2019-12-24,-0.02131931515350649,0.0,0.0,-0.021808655495929696,0.0,0.0,0.0,-0.02131931515350638,0.0
2019-12-25,0.0028348688873141015,0.0,0.0,-0.0004999999999999449,0.0,0.0,0.0,0.0028348688873141015,0.0
2019-12-26,-0.014952575785754263,0.0,0.0,-0.014952575785754263,0.0,0.0,0.0,-0.014952575785754152,0.0
2019-12-27,-0.004908809424914118,0.0,0.0,-0.004908809424914118,0.0,0.0,0.0,-0.004908809424914118,0.0
2019-12-30,-0.03711152430463316,-0.0004999999999999449,0.0,-0.03711152430463316,0.0,0.0,0.0,-0.03711152430463316,-0.0004999999999999449
2019-12-31,0.005950738916256082,0.005950738916256082,0.0,0.005950738916256082,0.0,0.0,0.0,0.005950738916256082,0.005950738916256082
2020-01-01,-0.012771292015983815,-0.012771292015983704,0.0,-0.012771292015983704,0.0,0.0,0.0,-0.013264906369975682,-0.012771292015983704
2020-01-02,0.0005555555555554204,0.0005555555555554204,0.0,0.0005555555555554204,0.0,0.0,0.0,-0.0004999999999999449,0.0005555555555554204
2020-01-03,0.011025620686919924,0.011025620686919924,0.0,0.011025620686919924,0.0,0.0,0.0,0.011025620686919924,0.011025620686919924
2020-01-06,0.01745645692766362,0.01745645692766362,0.0,0.01745645692766362,0.0,0.0,0.0,0.01745645692766362,0.016947728699199915
2020-01-07,-0.005821798974438019,-0.005821798974437908,0.0,-0.005821798974438019,0.0,0.0,0.0,-0.005821798974438019,0.0
2020-01-08,-0.012215931125416968,-0.012215931125416968,0.0,-0.012709823159854139,0.0,0.0,0.0,-0.012215931125416968,-0.0004999999999999449
2020-01-09,0.011778100584978857,0.011778100584978857,0.0,-0.0004999999999999449,0.0,0.0,0.0,0.011778100584978857,0.011272211534686383
2020-01-10,-0.0021341818322919703,-0.0021341818322918593,0.0,-0.0021341818322919703,0.0,0.0,0.0,-0.0021341818322919703,-0.0004999999999999449
2020-01-13,0.014349043397106742,0.013841868875408059,0.0,0.014349043397106742,0.0,0.0,0.0,0.014349043397106742,0.01384186887540828
2020-01-14,0.011761452942304018,0.0,0.0,0.012267586735671854,0.0,0.0,0.0,0.012267586735671854,0.0
2020-01-15,0.0,0.0,0.0,0.001817837530770472,0.0,0.0,0.0,0.001817837530770472,0.0
2020-01-16,0.0,0.0,0.0,0.03092276868408117,0.0,0.0,-0.0004999999999999449,0.03040730729973906,0.0
2020-01-17,0.0,0.0,-0.0004999999999999449,0.00022001393421589022,-0.0004999999999999449,0.0,0.00022001393421589022,0.0,-0.0004999999999999449
2020-01-20,-0.0004999999999999449,0.0,-0.015067639403160138,0.015067639403160138,-0.015067639403160138,0.0,0.015067639403160138,0.0,-0.015067639403160138
2020-01-21,-0.00036116729269008996,0.0,0.000361167292690201,-0.00036116729268997894,0.000361167292690201,0.0,-0.00036116729269008996,0.0,0.000361167292690201
2020-01-22,-0.0011200231230578117,0.0,0.0011200231230579227,-0.0011200231230579227,0.0011200231230579227,0.0,-0.0011200231230578117,0.0,0.0011200231230579227
2020-01-23,-0.009802148515209774,0.0,0.009802148515209774,-0.010297247440952062,0.009802148515209774,0.0,-0.010297247440952173,0.0,0.009802148515209774
2020-01-24,-0.02863822326125065,0.0,0.02863822326125076,-0.0004999999999999449,0.02863822326125076,0.0,0.0,0.0,0.028123904149620182
2020-01-27,-0.005716004813477893,0.0,0.005716004813477893,-0.005716004813477893,0.005716004813477893,0.0,0.0,-0.000500000000000056,0.0
2020-01-28,-0.0008698940998485005,0.0,0.0008698940998486115,-0.0008698940998486115,0.0008698940998486115,0.0,0.0,-0.0008698940998486115,0.0
2020-01-29,-0.024794639815270525,-0.0004999999999998339,0.024794639815270525,-0.024794639815270525,0.024794639815270525,0.0,0.0,-0.024794639815270525,-0.000500000000000056
2020-01-30,-0.002406645446782263,-0.002406645446782152,0.002406645446782152,-0.002406645446782152,0.002406645446782152,0.0,0.0,-0.002406645446782041,-0.002406645446782041
2020-01-31,-0.0032684824902722287,-0.0032684824902722287,0.002766848249027287,-0.0032684824902723397,0.002766848249027287,0.0,0.0,-0.0032684824902722287,-0.0032684824902722287
2020-02-03,0.02404747033104293,0.02404747033104293,0.0,0.02404747033104293,0.0,0.0,0.0,0.02404747033104293,0.023535446595877474
2020-02-04,0.0003430924062215457,0.0003430924062215457,0.0,0.0003430924062215457,0.0,0.0,0.0,0.0003430924062215457,0.0
2020-02-05,0.02370336496322545,0.02370336496322545,0.0,0.02370336496322545,0.0,0.0,0.0,0.02370336496322545,0.0
2020-02-06,-7.44518482670431e-05,-7.44518482670431e-05,0.0,-7.445184826693207e-05,0.0,0.0,0.0,-7.44518482670431e-05,0.0
2020-02-07,-0.015040393135028585,-0.015040393135028585,0.0,-0.015532872938460951,0.0,0.0,0.0,-0.015040393135028585,0.0
2020-02-10,0.0009827266885888974,0.0009827266885888974,0.0,-0.0004999999999999449,0.0,0.0,0.0,0.00048223532524471757,0.0
2020-02-11,0.039383755616810845,0.039383755616810845,0.0,0.039383755616810845,0.0,0.0,0.0,-0.0004999999999999449,0.0
2020-02-12,0.013950446850250708,0.013443471626825687,0.0,0.013950446850250708,0.0,0.0,0.0,0.013950446850250708,0.0
2020-02-13,-0.005016123253314353,0.0,0.0,-0.005016123253314242,0.0,0.0,0.0,-0.005016123253314353,0.0
2020-02-14,-0.025711199135757923,0.0,0.0,-0.025711199135758034,0.0,0.0,0.0,-0.025711199135757812,0.0
2020-02-17,-0.007001774098166713,0.0,0.0,-0.006505026611472453,0.0,0.0,0.0,-0.006505026611472453,0.0
2020-02-18,0.0,0.0,0.0,-0.012574404761904745,0.0,0.0,0.0,-0.012574404761904745,0.0
2020-02-19,0.0,0.0,0.0,-0.012320096450908147,0.0,0.0,0.0,-0.012320096450908147,0.0
2020-02-20,0.0,0.0,0.0,-0.006561129124546872,0.0,0.0,0.0,-0.006561129124546872,0.0
2020-02-21,0.0,0.0,0.0,-0.00042237837422731683,0.0,0.0,0.0,-0.00042237837422731683,0.0
2020-02-24,0.0,-0.0004999999999999449,0.0,-0.008831726336816281,0.0,0.0,0.0,-0.008335894283958312,-0.0004999999999999449
2020-02-25,0.0,0.018322680612047337,0.0,-0.0004999999999999449,0.0,0.0,0.0,0.017813519271741463,0.017813519271741463
2020-02-26,0.0,0.03085057821059034,0.0,0.03085057821059034,0.0,0.0,0.0,-0.0004999999999999449,0.0
2020-02-27,0.0,-0.011550241706336006,0.0,-0.011550241706336006,0.0,0.0,0.0,-0.011550241706336006,0.0
2020-02-28,0.0,0.01549316807287382,0.0,0.01549316807287382,0.0,0.0,-0.0004999999999999449,0.01549316807287382,0.0
2020-03-02,0.0,0.018014043601338292,0.0,0.018014043601338292,0.0,0.0,0.018014043601338292,0.018014043601338514,0.0
2020-03-03,0.0,-0.005055794301397687,0.0,-0.005055794301397576,0.0,0.0,-0.005055794301397687,-0.005055794301397687,0.0
2020-03-04,0.0,0.012413342528401872,0.0,0.012413342528401872,0.0,0.0,0.012413342528401872,0.012413342528401872,0.0
2020-03-05,0.0,0.0065249345713978,0.0,0.0065249345713978,0.0,0.0,0.0065249345713978,0.0065249345713978,0.0
2020-03-06,0.0,0.018521816562778293,0.0,0.018521816562778293,0.0,0.0,0.018012555654496998,0.018521816562778293,0.0
2020-03-09,0.0,-1.0648714810268523e-05,-0.0004999999999998339,0.0004895960832311808,-0.0004999999999998339,0.0,0.0,0.0004895960832311808,-0.0004999999999999449
2020-03-10,0.0,0.0,0.02565626201544946,-0.026143433884441847,0.02565626201544946,0.0,0.0,-0.025656262015449682,0.025143433884441846
2020-03-11,0.0,0.0,0.005991031390134571,-0.0004999999999999449,0.005991031390134571,0.0,0.0,-0.006488035874439468,0.0
2020-03-12,0.0,0.0,0.006496318752706731,0.006496318752706731,0.006496318752706731,0.0,0.0,-0.0004999999999999449,0.0
2020-03-13,0.0,0.0,-0.0049767509444927915,-0.0049767509444927915,-0.0049767509444927915,0.0,0.0,0.0049767509444929026,-0.0004999999999998339
2020-03-16,0.0,0.0,-0.010554852701969986,-0.010554852701970208,-0.010554852701969986,0.0,-0.0004999999999999449,0.010554852701970097,-0.011049575275619117
2020-03-17,0.0,0.0,-0.006688843581214132,-0.00668884358121391,-0.006688843581214132,0.0,0.006688843581214021,0.006688843581214021,0.0
2020-03-18,0.0,0.0,0.0016699829448549863,0.0016699829448549863,0.0016699829448549863,0.0,-0.0016699829448549863,-0.0016699829448547643,0.0
2020-03-19,0.0,0.0,0.02082072819162195,0.02082072819162195,0.02082072819162195,0.0,-0.020820728191622062,-0.02082072819162195,0.0
2020-03-20,0.0,0.0,0.012539982553067652,0.012539982553067652,0.012539982553067652,0.0,-0.012539982553067763,-0.012539982553067763,0.0
2020-03-23,0.0,0.0,-0.010139231420473127,-0.009644053447196876,-0.010139231420473127,0.0,0.00913923142047346,0.009644053447196876,0.0
2020-03-24,0.0,0.0,0.0,-0.015275802982245068,0.0,0.0,0.0,0.015275802982245068,0.0
2020-03-25,0.0,0.0,0.0,0.013066898879632305,0.0,0.0,0.0,-0.013573685722493622,0.0
2020-03-26,0.0,0.0,0.0,-0.0004999999999999449,0.0,0.0,0.0,0.005940171095741187,0.0
2020-03-27,0.0,0.0,0.0,-0.016457481824429188,0.0,0.0,0.0,-0.0004999999999998339,0.0
2020-03-30,0.0,0.0,0.0,0.021066116290655357,0.0,0.0,0.0,-0.021066116290655357,0.0
2020-03-31,0.0,0.0,0.0,0.010505270810614586,0.0,0.0,0.0,-0.010505270810614475,0.0
2020-04-01,0.0,0.0,0.0,-0.0007714632085523698,0.0,0.0,0.0,0.0007714632085522588,0.0
2020-04-02,0.0,0.0,0.0,-0.0016885691212098486,0.0,0.0,0.0,0.0016885691212098486,0.0
2020-04-03,0.0,0.0,0.0,0.01106713573732021,0.0,0.0,0.0,-0.011067135737320322,0.0
2020-04-06,0.0,0.0,0.0,-0.008671162825168555,0.0,0.0,0.0,0.008671162825168555,0.0
2020-04-07,0.0,0.0,0.0,-0.0035635562086702155,0.0,0.0,0.0,0.0035635562086702155,0.0
2020-04-08,0.0,0.0,0.0,-0.008639308855291516,0.0,0.0,0.0,0.008639308855291405,0.0
2020-04-09,0.0,0.0,0.0,-0.0019510216673320757,0.0,0.0,0.0,0.001451747541102666,0.0
2020-04-10,0.0,0.0,0.0,-0.0004999999999999449,0.0,0.0,0.0,0.008845522415105167,0.0
2020-04-13,0.0,0.0,0.0,0.00082582313022872,0.0,0.0,0.0,0.0,0.0
2020-04-14,0.0,0.0,0.0,-0.003593502946672489,0.0,0.0,0.0,0.0,0.0
2020-04-15,0.0,0.0,0.0,0.001109997135491092,0.0,0.0,0.0,0.0,0.0
2020-04-16,0.0,0.0,0.0,-0.0006810768182958782,0.0,0.0,0.0,0.0,0.0
2020-04-17,0.0,0.0,0.0,0.0015403352915890345,0.0,0.0,0.0,0.0,0.0
2020-04-20,0.0,0.0,0.0,-0.0017220966526745318,0.0,0.0,0.0,0.0,0.0
2020-04-21,0.0,0.0,-0.000500000000000056,-0.004584363024247029,-0.000500000000000056,0.0,0.0,0.0,-0.0004999999999999449
2020-04-22,0.0,0.0,-0.005989518342899847,-0.005989518342899847,-0.005989518342899847,0.0,0.0,0.0,-0.005989518342899847
2020-04-23,0.0,0.0,0.009993975263139276,0.009993975263139276,0.009993975263139276,0.0,0.0,0.0,0.009488978275507653
2020-04-24,0.0,0.0,0.001682477179166142,0.0011816359405765198,0.001682477179166142,0.0,0.0,0.0,0.0
2020-04-27,0.0,0.0,0.001721170395869276,-0.0004999999999999449,0.001721170395869276,0.0,0.0,0.0,0.0
2020-04-28,0.0,0.0,0.0037715517241379004,0.0037715517241379004,0.0037715517241379004,0.0,0.0,0.0,0.0
2020-04-29,0.0,0.0,-0.0027762754642148835,-0.0027762754642148835,-0.0027762754642148835,0.0,0.0,0.0,0.0
2020-04-30,0.0,0.0,0.002337120667337711,0.002337120667337711,0.002337120667337711,0.0,0.0,0.0,0.0
2020-05-01,0.0,0.0,-0.0054420297689838915,-0.0054420297689837804,-0.0054420297689838915,0.0,0.0,0.0,0.0
2020-05-04,0.0,0.0,0.007240662413076304,0.007240662413076304,0.007240662413076304,0.0,0.0,0.0,0.0
2020-05-05,0.0,0.0,0.004299736424032252,0.004802137492778691,0.004299736424032252,0.0,0.0,0.0,0.0
2020-05-06,0.0,0.0,0.0,-0.005115553459347777,0.0,0.0,0.0,0.0,0.0
2020-05-07,0.0,0.0,0.0,-0.0035012994513424767,0.0,0.0,0.0,0.0,0.0
2020-05-08,0.0,0.0,0.0,0.002841624401999754,0.0,0.0,0.0,0.0,0.0
2020-05-11,0.0,0.0,0.0,-0.00042789120554032056,0.0,0.0,0.0,0.0,0.0
2020-05-12,0.0,0.0,0.0,-0.0004999999999999449,0.0,0.0,0.0,0.0,0.0
2020-05-13,0.0,0.0,0.0,-0.008132714383389028,0.0,0.0,0.0,0.0,0.0
2020-05-14,0.0,0.0,0.0,0.0031768695341780617,0.0,0.0,0.0,0.0,0.0
2020-05-15,0.0,0.0,0.0,0.0011100766310965238,0.0,0.0,0.0,0.0,0.0
2020-05-18,0.0,0.0,0.0,-0.006237677003047226,0.0,0.0,0.0,0.0,0.0
2020-05-19,0.0,0.0,0.0,0.0016388186255298365,0.0,0.0,0.0,0.0,0.0
2020-05-20,0.0,0.0,0.0,7.13699461156736e-05,0.0,0.0,0.0,0.0,0.0
2020-05-21,0.0,0.0,0.0,0.0012133756825236652,0.0,0.0,0.0,0.0,0.0
2020-05-22,0.0,0.0,0.0,0.009361489262872169,0.0,0.0,0.0,0.0,0.0
2020-05-25,0.0,0.0,0.0,0.001911632100991767,0.0,0.0,0.0,0.0,0.0
2020-05-26,0.0,0.0,0.0,-0.0006444781728821569,0.0,0.0,0.0,0.0,0.0
2020-05-27,0.0,0.0,0.0,-0.0004999999999999449,0.0,0.0,0.0,0.0,0.0
2020-05-28,0.0,0.0,0.0,0.00578327188606953,0.0,0.0,0.0,0.0,0.0
2020-05-29,0.0,0.0,0.0,0.006325019765686779,0.0,0.0,0.0,0.0,0.0
2020-06-01,-0.0004999999999999449,0.0,0.0,0.011034926076708862,0.0,0.0,0.0,0.0,0.0
2020-06-02,-0.0012715905478436484,0.0,0.0,-0.0012715905478435374,0.0,0.0,0.0,0.0,0.0
2020-06-03,0.0056587091069850715,0.0,0.0,0.0056587091069850715,0.0,0.0,0.0,0.0,0.0
2020-06-04,0.005873043784068832,0.0,-0.0004999999999999449,0.005873043784068832,-0.0004999999999999449,0.0,0.0,0.0,-0.0004999999999999449
2020-06-05,-0.00216768058177752,0.0,0.0021676805817776312,-0.00216768058177752,0.0021676805817776312,0.0,0.0,0.0,0.0016665967414866145
2020-06-08,-0.00332866152768041,0.0,0.00332866152768041,-0.003328661527680521,0.00332866152768041,0.0,0.0,0.0,0.0
2020-06-09,0.0009843557743014486,0.0,-0.0009843557743014486,0.0009843557743014486,-0.0009843557743014486,0.0,0.0,0.0,0.0
2020-06-10,0.00021072595090076973,0.0,-0.00021072595090088075,-0.00028937941207451967,-0.00021072595090088075,0.0,0.0,0.0,0.0
2020-06-11,0.000807612626847698,0.0,-0.000807612626847809,-0.0004999999999999449,-0.000807612626847809,0.0,0.0,0.0,-0.000500000000000056
2020-06-12,-0.004806680232966154,0.0,0.004806680232966265,0.004806680232966265,0.004806680232966265,0.0,0.0,0.0,0.004304276892849845
2020-06-16,0.012480169222633508,0.0,-0.012480169222633508,-0.01248016922263362,-0.012480169222633508,0.0,0.0,0.0,0.0
2020-06-17,-0.005849785856053558,0.0,0.005849785856053558,0.005849785856053558,0.005849785856053558,0.0,0.0,0.0,0.0
2020-06-18,0.0034674792476621086,0.0,-0.0034674792476621086,-0.0034674792476619976,-0.0034674792476621086,0.0,0.0,0.0,-0.0004999999999999449
2020-06-19,0.00041884816753934295,0.0,-0.0009186387434555465,-0.000418848167539454,-0.0009186387434555465,0.0,0.0,0.0,-0.0009186387434554355
2020-06-22,0.0009071244156024783,0.0,0.0,-0.0009071244156024783,0.0,0.0,0.0,0.0,0.0
2020-06-23,0.005228667038482904,0.0,0.0,-0.005228667038482904,0.0,0.0,0.0,0.0,0.0
2020-06-24,0.00048547055967818054,0.0,0.0,-0.00048547055967818054,0.0,0.0,0.0,0.0,0.0
2020-06-25,-0.00464439206987366,0.0,0.0,0.004644392069873771,0.0,0.0,0.0,0.0,0.0
2020-06-26,-0.0016366042203497244,0.0,0.0,0.0011357859182397068,0.0,0.0,0.0,0.0,0.0
2020-06-29,0.0010114750095917557,0.0,0.0,-0.0004999999999999449,0.0,0.0,0.0,0.0,0.0
2020-06-30,0.01005221254355404,0.0,0.0,-0.010557491289198473,0.0,0.0,0.0,0.0,0.0
2020-07-01,0.0,0.0,0.0,0.001965313933041335,0.0,0.0,0.0,0.0,0.0
2020-07-02,-0.0004999999999999449,0.0,-0.0004999999999998339,-0.0053547985904789375,-0.0004999999999998339,0.0,0.0,0.0,-0.0004999999999999449
2020-07-03,-0.003608123432184529,0.0,0.003608123432184529,0.003608123432184529,0.003608123432184529,0.0,0.0,0.0,0.0031063193704685688
2020-07-06,-0.0014139881362945639,0.0,0.0014139881362944529,0.0014139881362944529,0.0014139881362944529,0.0,0.0,0.0,0.0
2020-07-07,-0.002486617164565774,0.0,0.0024866171645658852,0.0024866171645658852,0.0024866171645658852,0.0,0.0,0.0,0.0
2020-07-08,-0.006024304954471482,0.0,0.006024304954471482,0.006024304954471482,0.006024304954471482,0.0,0.0,0.0,0.0
2020-07-09,-0.0150823783482531,0.0,0.015082378348253211,0.015082378348253211,0.015082378348253211,0.0,0.0,0.0,0.0
2020-07-10,0.0076389871268922604,0.0,-0.0076389871268923715,-0.0076389871268922604,-0.0076389871268923715,0.0,0.0,0.0,0.0
2020-07-13,0.00719500210585422,0.0,-0.00719500210585422,-0.007691404604801111,-0.00719500210585422,0.0,0.0,0.0,0.0
2020-07-14,-0.002648360455796972,0.0,0.002648360455796972,-0.000500000000000056,0.002648360455796972,0.0,0.0,0.0,0.0
2020-07-15,-0.00880472380419961,0.0,0.008804723804199721,0.008804723804199721,0.008804723804199721,0.0,0.0,0.0,0.0
2020-07-16,0.008107441221051115,0.0,-0.008603387500440651,-0.008107441221051115,-0.008603387500440651,0.0,0.0,0.0,0.0
2020-07-17,-0.004755411028357748,0.0,0.0,0.004755411028357637,0.0,0.0,0.0,0.0,0.0
2020-07-20,-0.002107999859466636,0.0,0.0,0.002107999859466858,0.0,0.0,0.0,0.0,0.0
2020-07-21,0.0009858113579552796,0.0,0.0,-0.0009858113579553907,0.0,0.0,0.0,0.0,0.0
2020-07-23,-0.007632513805353347,0.0,0.0,0.007632513805353458,0.0,0.0,0.0,0.0,0.0
2020-07-24,-0.00099241511306436,0.0,0.0,0.000992415113064471,0.0,0.0,0.0,0.0,0.0
2020-07-27,0.003938125310437801,0.0,0.0,-0.003938125310437801,0.0,0.0,0.0,0.0,0.0
2020-07-28,0.0012368802346536256,0.0,0.0,-0.0012368802346535146,0.0,0.0,0.0,0.0,0.0
2020-07-29,-0.005753211915854872,0.0,0.0,0.005250335309896936,0.0,0.0,0.0,0.0,0.0
2020-07-30,-0.008165004082502092,0.0,0.0,-0.0004999999999999449,0.0,0.0,0.0,0.0,0.0
2020-07-31,0.003399405848455661,0.0,0.0,0.0039013565267189687,0.0,-0.0004999999999999449,0.0,0.0,-0.0004999999999998339
2020-08-03,0.0,0.0,0.0,0.0009626354820306826,0.0,0.0009626354820306826,0.0,0.0,0.0009626354820306826
2020-08-04,0.0,0.0,0.0,-0.0014247551202137831,0.0,-0.0014247551202136721,0.0,0.0,-0.0019240427426534534
2020-08-05,0.0,0.0,0.0,-0.006384876047797472,0.0,-0.006384876047797472,0.0,0.0,-0.0004999999999998339
2020-08-06,0.0,0.0,0.0,-0.004702757036186056,0.0,-0.004702757036186056,0.0,0.0,-0.004702757036186056
2020-08-07,0.0,-0.000500000000000056,0.0,-0.02726780883678992,0.0,-0.027754174932371423,0.0,0.0,-0.02726780883678981
2020-08-10,0.0,0.011346360636286024,0.0,0.011346360636286024,0.0,-0.0004999999999998339,0.0,0.0,0.011346360636286024
2020-08-11,0.0,-0.0019798350137488763,0.0,-0.0019798350137487652,0.0,-0.0019798350137488763,0.0,0.0,-0.0019798350137488763
2020-08-12,0.0,-0.005694133205980556,0.0,-0.005694133205980445,0.0,-0.005694133205980556,0.0,0.0,-0.005694133205980667
2020-08-13,0.0,-0.0019951230325870872,0.0,-0.0024941254710707517,0.0,-0.0019951230325870872,0.0,0.0,-0.001995123032586976
2020-08-14,0.0,-7.404116688869422e-05,0.0,-0.0004999999999999449,0.0,-7.404116688880524e-05,0.0,0.0,-7.40411668885832e-05
2020-08-17,0.0,0.012921140318400415,0.0,0.012921140318400415,0.0,0.012414679748241397,0.0,0.0,0.012414679748241397
2020-08-18,0.0,0.0042399210497461315,0.0,0.0042399210497461315,0.0,0.0,0.0,0.0,0.0
2020-08-19,0.0,0.02194722474977251,0.0,0.02194722474977251,0.0,0.0,-0.0004999999999999449,0.0,0.0
2020-08-20,0.0,0.007087399387420756,0.0,0.007087399387420756,0.0,0.0,0.007087399387420756,0.0,0.0
2020-08-21,0.0,-0.011386798458110636,0.0,-0.010892244580401056,0.0,0.0,-0.010892244580400945,0.0,0.0
2020-08-24,0.0,0.0,0.0,-0.00968929886660208,0.0,0.0,-0.00968929886660208,0.0,0.0
2020-08-25,0.0,0.0,0.0,-0.016246660408693714,0.0,0.0,-0.016246660408693714,0.0,-0.0004999999999999449
2020-08-26,0.0,0.0,0.0,0.025653258954785763,0.0,0.0,0.02514043232530838,0.0,0.02514043232530838
2020-08-27,0.0,0.0,0.0,0.0025405231330732914,0.0,0.0,0.0,0.0,0.0
2020-08-28,0.0,-0.0004999999999999449,0.0,-0.03553137268898554,0.0,0.0,0.0,-0.0004999999999998339,-0.000500000000000056
2020-08-31,0.0,0.00018493860038470977,0.0,-0.0004999999999999449,0.0,0.0,0.0,0.00018493860038470977,0.00018493860038470977
2020-09-01,0.0,0.0009615029029990119,0.0,0.0009615029029990119,0.0,0.0,0.0,0.0009615029029990119,0.0004610221515475299
2020-09-02,0.0,0.00746296227878962,0.0,0.00746296227878962,0.0,0.0,0.0,0.00746296227878962,0.0
2020-09-03,0.0,0.017309032234405386,0.0,0.017309032234405386,0.0,0.0,0.0,0.017309032234405386,0.0
2020-09-04,0.0,-0.008687502252983093,0.0,-0.008687502252982982,0.0,0.0,0.0,-0.008687502252983204,0.0
2020-09-07,0.0,-0.0031636363636363685,0.0,-0.0031636363636362574,0.0,0.0,0.0,-0.0031636363636363685,0.0
2020-09-08,0.0,0.017218108196840998,0.0,0.017218108196840998,0.0,0.0,0.0,0.017218108196840998,0.0
2020-09-09,-0.0004999999999999449,0.03284920207997111,0.0,0.03284920207997111,0.0,0.0,0.0,0.03284920207997111,0.0
2020-09-10,0.00038193118294516104,0.00038193118294516104,0.0,0.00038193118294516104,0.0,0.0,0.0,0.00038193118294516104,0.0
2020-09-11,0.01291128696376509,0.01240483132028336,0.0,0.01291128696376509,0.0,0.0,0.0,0.012404831320283138,0.0
2020-09-14,0.009080317982456343,0.0,-0.0004999999999999449,0.008575777823465192,-0.0004999999999999449,0.0,0.0,-0.0004999999999998339,-0.0004999999999999449
2020-09-15,-0.0012903663961424394,0.0,0.0012903663961423284,-0.0004999999999999449,0.0012903663961423284,0.0,0.0,-0.0012903663961424394,0.0007897212129444053
2020-09-16,0.0069701812247118244,0.0,-0.006970181224711713,-0.006970181224711713,-0.006970181224711713,0.0,0.0,0.0069701812247118244,0.0
2020-09-17,0.004119394921663799,0.0,-0.004119394921663799,-0.00411939492166391,-0.004119394921663799,0.0,0.0,0.004119394921663799,-0.0004999999999999449
2020-09-18,0.005279440446566586,0.0,-0.005279440446566697,-0.005279440446566586,-0.005279440446566697,0.0,0.0,0.005279440446566586,-0.005279440446566586
2020-09-21,0.0004014049172103018,0.0,-0.0004014049172101908,-0.0004014049172101908,-0.0004014049172101908,0.0,0.0,0.0004014049172103018,-0.0004014049172101908
2020-09-22,-0.0009027986758952666,0.0,0.0009027986758951556,0.0009027986758951556,0.0009027986758951556,0.0,0.0,-0.0009027986758952666,0.0009027986758951556
2020-09-23,-0.023293172690763142,0.0,0.023293172690763253,0.023293172690763253,0.023293172690763253,0.0,0.0,-0.02329317269076303,0.023293172690763253
2020-09-24,-0.009011787280701733,0.0,0.009011787280701622,0.009011787280701622,0.009011787280701622,0.0,0.0,-0.009011787280701733,0.00850728138706125
2020-09-25,-0.010788008713391695,0.0,0.010788008713391584,0.010788008713391584,0.010788008713391584,0.0,0.0,-0.010788008713391695,0.0
2020-09-28,0.004753748820301329,0.0,-0.005251371945891092,-0.004753748820301329,-0.005251371945891092,0.0,0.0,0.0042513719458912025,0.0
2020-09-29,-0.0034788658897199065,0.0,0.0,0.002977126456775059,0.0,0.0,0.0,0.0,0.0
2020-09-30,0.01089195322045744,0.0,0.0,-0.0004999999999999449,0.0,0.0,0.0,0.0,0.0
2020-10-01,0.0054563663362916515,0.0,0.0,-0.0054563663362915404,0.0,0.0,0.0,0.0,0.0
2020-10-02,0.008483599519148344,0.0,0.0,-0.008483599519148344,0.0,0.0,0.0,0.0,0.0
2020-10-05,0.018765751651794726,0.0,0.0,-0.018765751651794726,0.0,0.0,0.0,0.0,0.0
2020-10-06,-0.002774713335339074,0.0,0.0,0.002774713335339074,0.0,0.0,0.0,0.0,0.0
2020-10-08,0.014544435132417322,0.0,0.0,-0.015051961112973578,0.0,0.0,0.0,0.0,0.0
2020-10-09,0.0,0.0,0.0,-0.004788797516430465,0.0,0.0,0.0,0.0,0.0
2020-10-12,0.0,0.0,0.0,0.01472521693399953,0.0,0.0,0.0,0.0,0.0
2020-10-13,0.0,0.0,0.0,-0.0051040832666132685,0.0,0.0,0.0,0.0,0.0
2020-10-14,0.0,0.0,0.0,-0.0014603870025555743,0.0,0.0,0.0,0.0,0.0
2020-10-15,0.0,0.0,-0.0004999999999998339,0.0009575282537368501,-0.0004999999999998339,0.0,0.0,0.0,-0.0004999999999999449
2020-10-16,0.0,0.0,0.018055693849779342,-0.0004999999999998339,0.018055693849779342,0.0,0.0,0.0,0.017546666002854483
2020-10-19,0.0,0.0,-0.009227649146526962,-0.00922764914652685,-0.009227649146526962,0.0,0.0,0.0,0.0
2020-10-20,0.0,0.0,-0.008808359568624802,-0.008808359568624802,-0.008808359568624802,0.0,0.0,0.0,0.0
2020-10-21,0.0,0.0,0.016300919624182342,0.016300919624182342,0.016300919624182342,0.0,0.0,0.0,0.0
2020-10-22,0.0,0.0,-0.00040499493756329663,-0.00040499493756329663,-0.00040499493756329663,0.0,0.0,0.0,0.0
2020-10-23,0.0,0.0,-0.005735105593414724,-0.005735105593414835,-0.005735105593414724,0.0,0.0,0.0,0.0
2020-10-26,0.0,0.0,-0.018885012746545082,-0.01888501274654497,-0.018885012746545082,0.0,0.0,0.0,0.0
2020-10-27,0.0,0.0,-0.0009876543209876854,-0.0009876543209876854,-0.0009876543209876854,0.0,0.0,0.0,0.0
2020-10-28,0.0,0.0,0.00013155730965319634,0.00013155730965319634,0.00013155730965319634,0.0,0.0,0.0,0.0
2020-10-29,-0.0004999999999999449,0.0,-0.02269211539094107,-0.022203216999440833,-0.02269211539094107,0.0,0.0,0.0,0.0
2020-10-30,-0.0027030505856608933,0.0,0.0,0.0022016990603681563,0.0,0.0,0.0,0.0,0.0
2020-11-02,0.00032266391326785104,0.0,0.0,-0.0004999999999999449,0.0,0.0,0.0,0.0,0.0
2020-11-03,-0.0032578543319785602,0.0,0.0,0.0032578543319785602,0.0,0.0,0.0,0.0,0.0
2020-11-04,0.00022652988576421507,0.0,0.0,-0.0002265298857643261,0.0,0.0,0.0,0.0,0.0
2020-11-05,0.0014882878219233397,0.0,-0.0004999999999999449,-0.0014882878219233397,-0.0004999999999999449,0.0,0.0,0.0,-0.0004999999999998339
2020-11-06,-0.022711119726045226,0.0,0.022711119726045226,0.022711119726045226,0.022711119726045226,0.0,0.0,0.0,0.02219976416618219
2020-11-09,0.0037684704637863664,0.0,-0.0037684704637863664,-0.0037684704637862554,-0.0037684704637863664,0.0,0.0,0.0,0.0
2020-11-10,0.0235468466985016,0.0,-0.0235468466985016,-0.0235468466985016,-0.0235468466985016,0.0,0.0,0.0,-0.000500000000000056
2020-11-11,0.005276705276705318,0.0,-0.005276705276705318,-0.005276705276705207,-0.005276705276705318,0.0,0.0,0.0,-0.005276705276705207
2020-11-12,0.00035206759697858914,0.0,-0.00035206759697858914,-0.0003520675969784781,-0.00035206759697858914,0.0,0.0,0.0,-0.00035206759697858914
2020-11-13,-0.007518796992481258,0.0,0.007518796992481258,0.007518796992481258,0.007518796992481258,0.0,0.0,0.0,0.00701503759398503
2020-11-16,-0.012443584784010309,0.0,0.012443584784010309,0.011937362991618405,0.012443584784010309,0.0,0.0,0.0,0.0
2020-11-17,-0.008454658222889488,0.0,0.008454658222889488,-0.000500000000000056,0.008454658222889488,0.0,0.0,0.0,0.0
2020-11-18,-0.00424691358024698,0.0,0.00424691358024698,0.00424691358024698,0.00424691358024698,0.0,0.0,0.0,0.0
2020-11-19,0.0054883290352443215,0.0,-0.005985584870726646,-0.0054883290352444325,-0.005985584870726646,0.0,0.0,0.0,0.0
2020-11-20,0.004044456135736008,0.0,0.0,-0.004044456135736119,0.0,0.0,0.0,0.0,0.0
2020-11-23,0.000753233993777469,0.0,0.0,-0.00075323399377758,0.0,0.0,0.0,0.0,0.0
2020-11-24,3.272465475490094e-05,0.0,0.0,-3.272465475490094e-05,0.0,0.0,0.0,0.0,0.0
2020-11-25,-0.010602441179357824,0.0,0.0,0.010602441179357935,0.0,0.0,0.0,0.0,0.0
2020-11-26,0.020359417893170084,0.0,0.0,-0.02086985281957987,0.0,0.0,0.0,0.0,0.0
2020-11-27,0.0,0.0,0.0,0.0018142940452277045,0.0,0.0,0.0,0.0,0.0
2020-11-30,0.0,0.0,0.0,0.0059396299902629845,0.0,0.0,0.0,0.0,0.0
2020-12-01,0.0,0.0,0.0,-0.00027155777581877594,0.0,0.0,0.0,0.0,0.0
2020-12-02,0.0,0.0,0.0,-0.0004999999999998339,0.0,0.0,-0.000500000000000056,0.0,0.0
2020-12-03,-0.000500000000000056,0.0,0.0,-0.009113371626608413,0.0,0.0,0.009113371626608524,0.0,0.0
2020-12-04,0.01049384678983678,0.0,0.0,-0.01049384678983678,0.0,0.0,0.01049384678983678,0.0,0.0
2020-12-07,0.008622588664757513,0.0,-0.0004999999999998339,-0.008622588664757513,-0.0004999999999998339,0.0,0.008622588664757513,0.0,-0.0004999999999999449
2020-12-08,0.01825216061901358,0.0,-0.01825216061901358,-0.01825216061901347,-0.01825216061901358,0.0,0.01825216061901358,0.0,-0.01825216061901358
2020-12-09,0.004105895330309917,0.0,-0.004105895330309917,-0.004105895330309917,-0.004105895330309917,0.0,0.003603842382644773,0.0,-0.004105895330310028
2020-12-10,0.004394263045468305,0.0,-0.004394263045468194,-0.004394263045468305,-0.004394263045468194,0.0,0.0,0.0,-0.004394263045468305
2020-12-11,0.021632132223369904,0.0,-0.021632132223369904,-0.021632132223369904,-0.021632132223369904,0.0,0.0,0.0,-0.021632132223369904
2020-12-14,-0.025069886397430574,0.0,0.025069886397430574,0.025069886397430574,0.025069886397430574,0.0,0.0,-0.0004999999999999449,0.025069886397430574
2020-12-15,0.01256748924747586,0.0,-0.01256748924747586,-0.01256748924747586,-0.01256748924747586,0.0,0.0,0.01256748924747586,-0.01256748924747586
2020-12-16,-0.01650851031781886,0.0,0.01650851031781886,0.01600025606265998,0.01650851031781886,0.0,0.0,-0.01650851031781897,0.01600025606265998
2020-12-17,-0.006064875792569091,0.0,0.00606487579256898,-0.0004999999999999449,0.00606487579256898,0.0,0.0,-0.006064875792569091,0.0
2020-12-21,0.005238990415729283,0.0,-0.005238990415729172,-0.005238990415729283,-0.005238990415729172,0.0,0.0,0.005238990415729283,0.0
2020-12-22,0.010484686838958979,0.0,-0.010979444495539559,-0.010484686838958979,-0.010979444495539559,0.0,0.0,0.010484686838958979,0.0
2020-12-23,0.0046418494584508085,0.0,0.0,-0.0046418494584508085,0.0,0.0,0.0,0.0046418494584508085,0.0
2020-12-24,-0.002355499184634846,0.0,0.0,0.002355499184634846,0.0,0.0,0.0,-0.002355499184634957,0.0
2020-12-25,0.003541590991645416,0.0,0.0,-0.003541590991645416,0.0,0.0,0.0,0.003541590991645416,0.0
2020-12-28,-0.011522335836877451,0.0,0.0,0.011522335836877451,0.0,0.0,0.0,-0.011522335836877562,0.0
2020-12-29,0.011656647645784446,0.0,0.0,-0.011656647645784446,0.0,0.0,0.0,0.011150819321961603,0.0
2020-12-30,0.004976925165143475,0.0,0.0,-0.004976925165143475,0.0,0.0,0.0,0.0,0.0
2020-12-31,0.0006002761270182955,0.0,0.0,-0.0006002761270182955,0.0,0.0,0.0,0.0,0.0
2021-01-01,0.007175085488031696,0.0,0.0,-0.008175085488031586,0.0,0.0,0.0,0.0,0.0
2021-01-04,0.0,0.0,0.0,-0.0004999999999999449,0.0,0.0,0.0,0.0,0.0
2021-01-06,0.0,0.0,0.0,-0.0022855446720095873,0.0,0.0,0.0,0.0,0.0
2021-01-07,0.0,0.0,-0.0004999999999999449,0.003168774247045869,-0.0004999999999999449,0.0,0.0,0.0,-0.0004999999999999449
2021-01-08,0.0,0.0,0.0037730243612599246,0.0037730243612599246,0.0037730243612599246,0.0,0.0,0.0,0.0032711378490792864
2021-01-11,0.0,0.0,0.001819103569618008,0.001819103569618008,0.001819103569618008,0.0,0.0,0.0,0.0
2021-01-12,0.0,0.0,0.003674713193116741,0.003674713193116741,0.003674713193116741,0.0,0.0,0.0,0.0
2021-01-13,0.0,0.0,0.014753066058952324,0.014753066058952324,0.014753066058952324,0.0,0.0,0.0,0.0
2021-01-14,0.0,0.0,-0.00231305353501543,-0.002313053535015319,-0.00231305353501543,0.0,0.0,0.0,0.0
2021-01-15,0.0,0.0,-0.002338080344942872,-0.002338080344942872,-0.002338080344942872,0.0,0.0,0.0,0.0
2021-01-18,0.0,0.0,0.0029687973341412377,0.0029687973341412377,0.0029687973341412377,0.0,0.0,0.0,0.0
2021-01-19,0.0,0.0,-0.0006076810889644735,-0.0011073772484200273,-0.0006076810889644735,0.0,0.0,0.0,0.0
2021-01-20,0.0,0.0,-0.00018219361107740806,-0.0004999999999999449,-0.00018219361107740806,0.0,0.0,0.0,0.0
2021-01-21,0.0,0.0,-0.0032310401360129415,-0.0027324063391827025,-0.0032310401360129415,0.0,0.0,0.0,0.0
2021-01-22,0.0,0.0,0.0,0.0011505389366597285,0.0,0.0,0.0,0.0,0.0
2021-01-25,0.0,0.0,0.0,0.0027280994240679313,0.0,0.0,0.0,0.0,0.0
2021-01-26,0.0,0.0,0.0,-0.003495440729483157,0.0,-0.0004999999999998339,0.0,0.0,0.0
2021-01-27,0.0,0.0,0.0,-0.0037255792821444533,0.0,0.0037255792821444533,0.0,0.0,0.0
2021-01-28,0.0,0.0,0.0,-0.008087392117810399,0.0,0.008087392117810399,0.0,0.0,0.0
2021-01-29,0.0,0.0,0.0,0.006495839070825626,0.0,-0.006495839070825515,0.0,0.0,0.0
2021-02-01,0.0,0.0,0.0,-0.0072915725089639505,0.0,0.0072915725089639505,0.0,0.0,0.0
2021-02-02,0.0,0.0,0.0,0.004337291735215798,0.0,-0.004835123089348081,0.0,0.0,0.0
2021-02-03,0.0,0.0,0.0,-0.004253454905966403,0.0,0.0,0.0,0.0,0.0
2021-02-04,0.0,0.0,0.0,-0.0004999999999999449,0.0,0.0,0.0,0.0,0.0
2021-02-05,0.0,0.0,0.0,-0.002795647207358698,0.0,0.0,0.0,0.0,0.0
2021-02-08,0.0,0.0,0.0,0.00044965376659966694,0.0,0.0,0.0,0.0,0.0
2021-02-09,0.0,0.0,0.0,0.0011996161228404745,0.0,0.0,0.0,0.0,0.0
2021-02-10,0.0,0.0,0.0,-0.0033929858275281166,0.0,0.0,0.0,0.0,0.0
2021-02-11,0.0,0.0,0.0,0.006643325253613552,0.0,0.0,0.0,0.0,0.0
2021-02-12,0.0,0.0,0.0,0.012140382587739085,0.0,0.0,0.0,0.0,0.0
2021-02-15,0.0,0.0,0.0,0.001067333495974765,0.0,0.0,0.0,0.0,0.0
2021-02-16,0.0,0.0,0.0,0.0008242513050644718,0.0,0.0,0.0,0.0,0.0
2021-02-17,0.0,0.0,0.0,0.0025358997861288923,0.0,0.0,0.0,0.0,0.0
2021-02-18,0.0,0.0,0.0,-0.009286611327227301,0.0,0.0,0.0,0.0,0.0
2021-02-19,0.0,0.0,0.0,-0.0004999999999999449,0.0,0.0,0.0,0.0,0.0
2021-02-22,0.0,0.0,0.0,0.011770059153647816,0.0,0.0,0.0,0.0,0.0
2021-02-23,0.0,0.0,0.0,0.006231390244650914,0.0,-0.0004999999999999449,0.0,0.0,-0.000500000000000056
2021-02-24,0.0,0.0,0.0,0.00024711187990344996,0.0,-0.000247111879903561,0.0,0.0,-0.00024711187990344996
2021-02-25,0.0,0.0,0.0,-0.0003707594389172897,0.0,0.0003707594389172897,0.0,0.0,0.0003707594389172897
2021-02-26,0.0,0.0,0.0,0.004879856692816098,0.0,-0.004879856692816098,0.0,0.0,-0.004879856692815987
2021-03-01,0.0,0.0,0.0,-0.00226567349472373,0.0,0.00226567349472373,0.0,0.0,0.00226567349472373
2021-03-02,0.0,0.0,0.0,-0.007370018270213441,0.0,0.00686633326107855,0.0,0.0,0.006866333261078328
2021-03-03,0.0,0.0,0.0,-0.006793520027051025,0.0,0.0,0.0,0.0,0.0
2021-03-04,0.0,0.0,0.0,-0.009739863214460076,0.0,0.0,0.0,0.0,0.0
2021-03-05,0.0,0.0,0.0,0.0027942910707265955,0.0,0.0,0.0,0.0,0.0
2021-03-08,0.0,0.0,0.0,-0.0004999999999998339,0.0,0.0,0.0,0.0,0.0
2021-03-09,0.0,0.0,0.0,0.0013330505650315239,0.0,0.0,0.0,0.0,0.0
2021-03-10,0.0,0.0,0.0,0.0003337074902163284,0.0,0.0,0.0,0.0,0.0
2021-03-11,0.0,0.0,0.0,0.0036720077688758845,0.0,0.0,0.0,0.0,0.0
2021-03-12,0.0,0.0,0.0,-0.006853278913222294,0.0,0.0,0.0,0.0,0.0
2021-03-15,0.0,0.0,0.0,0.0023293804453048406,0.0,0.0,0.0,0.0,0.0
2021-03-16,0.0,0.0,0.0,-0.00012128930531529747,0.0,0.0,0.0,0.0,0.0
2021-03-17,0.0,0.0,0.0,0.0018191189400598162,0.0,0.0,0.0,0.0,0.0
2021-03-18,0.0,0.0,0.0,0.004738328827871063,0.0,0.0,0.0,0.0,0.0
2021-03-19,0.0,0.0,0.0,-0.005096591082491386,0.0,0.0,0.0,0.0,0.0
2021-03-22,0.0,0.0,0.0,-0.00037860569624115215,0.0,0.0,0.0,0.0,0.0
2021-03-23,0.0,0.0,0.0,-0.0004999999999999449,0.0,0.0,0.0,0.0,0.0
2021-03-24,0.0,0.0,0.0,-0.0003365252240952188,0.0,0.0,0.0,0.0,0.0
2021-03-25,0.0,0.0,0.0,0.00911984331007476,0.0,0.0,0.0,0.0,0.0
2021-03-26,0.0,0.0,0.0,-0.003093346272820985,0.0,0.0,0.0,0.0,0.0
2021-03-29,0.0,0.0,0.0,0.0020382088099293316,0.0,0.0,0.0,0.0,0.0
2021-03-30,0.0,0.0,0.0,0.008196970156956862,0.0,0.0,0.0,0.0,0.0
2021-03-31,0.0,0.0,0.0,-0.007136619591074589,0.0,0.0,0.0,0.0,0.0
2021-04-01,0.0,0.0,0.0,-0.006763314327308034,0.0,0.0,0.0,0.0,0.0
2021-04-02,0.0,0.0,0.0,-0.005862774435860696,0.0,0.0,0.0,0.0,0.0
2021-04-05,0.0,0.0,0.0,0.007187394415947512,0.0,0.0,0.0,0.0,0.0
2021-04-06,0.0,0.0,0.0,0.0005058705132505725,0.0,0.0,0.0,0.0,0.0
2021-04-07,0.0,0.0,0.0,-0.0004999999999999449,0.0,0.0,0.0,0.0,0.0
2021-04-08,0.0,0.0,0.0,0.008375665215287986,0.0,0.0,0.0,0.0,0.0
2021-04-09,0.0,0.0,0.0,-0.004848300045738885,0.0,0.0,0.0,0.0,0.0
2021-04-12,0.0,0.0,0.0,0.007555987133580189,0.0,0.0,0.0,0.0,0.0
2021-04-13,0.0,0.0,0.0,0.00045864546705409737,0.0,0.0,0.0,0.0,0.0
2021-04-14,0.0,0.0,0.0,0.0045273784031811815,0.0,0.0,0.0,0.0,0.0
2021-04-15,0.0,0.0,0.0,-0.0028271157273676017,0.0,0.0,0.0,0.0,0.0
2021-04-16,0.0,0.0,0.0,-0.0027272170129313267,0.0,0.0,0.0,0.0,0.0
2021-04-19,0.0,0.0,0.0,-0.001283500901506418,0.0,0.0,0.0,0.0,0.0
2021-04-20,0.0,0.0,0.0,-0.006317717076148588,0.0,0.0,0.0,0.0,0.0
2021-04-21,0.0,0.0,0.0,0.0030466911318693946,0.0,0.0,0.0,0.0,0.0
2021-04-22,0.0,0.0,0.0,-0.0004999999999999449,0.0,0.0,0.0,0.0,0.0
2021-04-23,0.0,0.0,0.0,0.002722878296518294,0.0,0.0,0.0,0.0,0.0
2021-04-26,0.0,0.0,0.0,-0.0036003051106026085,0.0,0.0,0.0,0.0,0.0
2021-04-27,0.0,0.0,0.0,0.0030927519367975886,0.0,0.0,0.0,0.0,0.0
2021-04-28,0.0,0.0,0.0,0.0064411746748886944,0.0,0.0,0.0,0.0,0.0
2021-04-29,0.0,0.0,0.0,-0.005065364433255559,0.0,0.0,0.0,0.0,0.0
2021-04-30,0.0,0.0,0.0,0.005578928114139403,0.0,0.0,0.0,0.0,0.0
2021-05-03,0.0,0.0,0.0,0.00018190086402913863,0.0,0.0,0.0,0.0,0.0
2021-05-04,0.0,0.0,0.0,0.0019399230093055664,0.0,0.0,0.0,0.0,0.0
2021-05-05,-0.0004999999999999449,0.0,0.0,0.001875661775828208,0.0,0.0,0.0,0.0,0.0
2021-05-06,-0.00676389769604735,0.0,0.0,-0.007260515747199325,0.0,0.0,0.0,0.0,0.0
2021-05-07,-0.003617791019365768,0.0,0.0,-0.0004999999999999449,0.0,0.0,0.0,0.0,0.0
2021-05-10,-0.0023189113321535615,0.0,0.0,-0.0023189113321535615,0.0,0.0,0.0,0.0,0.0
2021-05-11,-0.003455868860480771,0.0,0.0,-0.003455868860480771,0.0,0.0,0.0,0.0,0.0
2021-05-12,-0.0035906091760012915,0.0,0.0,-0.0035906091760012915,0.0,0.0,0.0,0.0,0.0
2021-05-13,-0.0014783787113465952,0.0,0.0,-0.0014783787113465952,0.0,0.0,0.0,0.0,0.0
2021-05-14,-0.002683528685996306,0.0,0.0,-0.002683528685996306,0.0,0.0,0.0,0.0,0.0
2021-05-17,0.0004020660006804899,0.0,0.0,0.0004020660006804899,0.0,0.0,0.0,0.0,0.0
2021-05-18,0.0035243925060286507,0.0,0.0,0.0035243925060286507,0.0,0.0,0.0,0.0,0.0
2021-05-19,0.00563770794824392,0.0,0.0,0.00563770794824392,0.0,0.0,0.0,0.0,0.0
2021-05-20,0.005330392427166597,0.0,0.0,0.005330392427166597,0.0,0.0,0.0,0.0,0.0
2021-05-21,0.0067952585550170586,0.0,0.0,0.006291860925739634,0.0,0.0,0.0,0.0,0.0
2021-05-24,0.0006658595641646503,0.0,0.0,-0.0004999999999999449,0.0,0.0,0.0,0.0,0.0
2021-05-25,-0.00356905208396352,0.0,0.0,0.00356905208396352,0.0,0.0,0.0,0.0,0.0
2021-05-26,0.004037153958232009,0.0,0.0,-0.004037153958232009,0.0,0.0,0.0,0.0,0.0
2021-05-27,-0.00541161532182477,0.0,0.0,0.005411615321824659,0.0,0.0,0.0,0.0,0.0
2021-05-28,0.0010031004924311304,0.0,0.0,-0.0010031004924312414,0.0,0.0,0.0,0.0,0.0
2021-05-31,0.0018219914366404133,0.0,0.0,-0.0018219914366404133,0.0,0.0,0.0,0.0,0.0
2021-06-01,-0.00530447697856995,0.0,0.0,0.00530447697856995,0.0,0.0,0.0,0.0,0.0
2021-06-02,-0.003454397245246321,0.0,0.0,0.002955875182837797,0.0,0.0,0.0,0.0,0.0
2021-06-03,0.0,0.0,0.0,-0.007915889849934299,0.0,0.0,0.0,0.0,0.0
2021-06-04,0.0,0.0,0.0,0.001152283340408733,0.0,0.0,0.0,0.0,0.0
2021-06-07,0.0,0.0,0.0,-0.0014406344869458687,0.0,0.0,0.0,0.0,0.0
2021-06-08,0.0,0.0,0.0,-0.000500000000000056,0.0,0.0,0.0,0.0,0.0
2021-06-09,0.0,0.0,0.0,-0.004438904259523979,0.0,0.0,0.0,0.0,0.0
2021-06-10,0.0,0.0,0.0,0.0022904260192395665,0.0,0.0,0.0,0.0,0.0
2021-06-11,0.0,0.0,0.0,-0.0052407068860450545,0.0,0.0,0.0,0.0,0.0
2021-06-14,0.0,0.0,0.0,-0.0016540063709875596,0.0,0.0,0.0,0.0,0.0
2021-06-15,0.0,0.0,0.0,-0.00159538565380124,0.0,0.0,0.0,0.0,0.0
2021-06-16,0.0,0.0,0.0,0.005469854342081026,0.0,0.0,0.0,0.0,0.0
2021-06-17,0.0,0.0,0.0,0.0030256723716381995,0.0,0.0,0.0,0.0,0.0
2021-06-18,0.0,0.0,0.0,0.0014625674152168866,0.0,0.0,0.0,0.0,0.0
2021-06-21,0.0,0.0,0.0,0.002981714181397699,0.0,0.0,0.0,0.0,0.0
2021-06-22,0.0,0.0,0.0,-0.00820128924617003,0.0,0.0,0.0,0.0,0.0
2021-06-23,0.0,0.0,0.0,-0.0004999999999999449,0.0,0.0,0.0,0.0,0.0
2021-06-24,0.0,0.0,0.0,-0.003048222886057439,0.0,0.0,0.0,0.0,0.0
2021-06-25,0.0,0.0,0.0,-0.0013453189017305078,0.0,0.0,0.0,0.0,0.0
2021-06-28,0.0,0.0,0.0,0.002571795970852886,0.0,0.0,0.0,0.0,0.0
2021-06-29,0.0,0.0,0.0,-0.0029011176937641103,0.0,0.0,0.0,0.0,0.0
2021-06-30,0.0,0.0,0.0,-0.002235766132737238,0.0,0.0,0.0,0.0,0.0
2021-07-01,0.0,0.0,0.0,-0.00012278224568718077,0.0,0.0,0.0,0.0,0.0
2021-07-02,0.0,0.0,0.0,0.001964757168293696,0.0,0.0,0.0,0.0,0.0
2021-07-05,0.0,0.0,0.0,-0.00012255652919912485,0.0,0.0,0.0,0.0,0.0
2021-07-06,0.0,0.0,0.0,0.00039835754121475553,0.0,0.0,0.0,0.0,0.0
2021-07-07,0.0,0.0,0.0,-0.004510613532637042,0.0,0.0,0.0,0.0,0.0
2021-07-08,0.0,0.0,0.0,-0.0004999999999999449,0.0,0.0,0.0,0.0,0.0
2021-07-09,0.0,0.0,0.0,-0.001283344027866784,0.0,0.0,0.0,0.0,0.0
2021-07-12,0.0,0.0,0.0,0.0,0.0,0.0,0.0,0.0,0.0
2021-07-13,0.0,0.0,0.0,-0.009392687777267983,0.0,0.0,0.0,0.0,0.0
2021-07-14,0.0,0.0,0.0,-0.007103588856630871,0.0,0.0,0.0,0.0,0.0
2021-07-15,0.0,0.0,0.0,0.009767326116710162,0.0,0.0,0.0,0.0,0.0
2021-07-16,0.0,0.0,0.0,0.0029573039245887056,0.0,0.0,0.0,0.0,0.0
2021-07-19,0.0,0.0,0.0,0.0008907181030777256,0.0,0.0,0.0,0.0,0.0
2021-07-20,0.0,0.0,0.0,-0.003835885475803269,0.0,0.0,0.0,0.0,0.0
2021-07-21,0.0,0.0,0.0,0.0013862362146508378,0.0,0.0,0.0,0.0,0.0
2021-07-22,0.0,0.0,0.0,-0.0010227028024732965,0.0,0.0,0.0,0.0,0.0
2021-07-23,0.0,0.0,0.0,-0.0004999999999999449,0.0,0.0,0.0,0.0,0.0
2021-07-26,0.0,0.0,0.0,0.0018003722803698885,0.0,0.0,0.0,0.0,0.0
2021-07-27,0.0,0.0,0.0,0.0042948522692658475,0.0,0.0,0.0,0.0,0.0
2021-07-28,0.0,0.0,0.0,-0.00373055109035203,0.0,0.0,0.0,0.0,0.0
2021-07-29,0.0,0.0,0.0,-0.004444715051144743,0.0,0.0,0.0,0.0,0.0
2021-07-30,0.0,0.0,0.0,-0.00021405418628828166,0.0,0.0,0.0,0.0,0.0
2021-08-02,0.0,0.0,0.0,0.00308915736351123,0.0,0.0,0.0,0.0,0.0
2021-08-03,0.0,0.0,0.0,-0.002225881205024871,0.0,0.0,0.0,0.0,0.0
2021-08-04,0.0,0.0,0.0,0.009687375851847202,0.0,0.0,0.0,0.0,0.0
2021-08-05,0.0,0.0,0.0,0.0026331719128329656,0.0,0.0,0.0,0.0,0.0
2021-08-06,0.0,0.0,0.0,0.0006163552389291116,0.0,0.0,0.0,0.0,0.0
2021-08-09,0.0,0.0,0.0,-0.0004999999999999449,0.0,0.0,0.0,0.0,0.0
2021-08-10,-0.0004999999999999449,0.0,-0.0004999999999999449,-0.00655292163672061,-0.0004999999999999449,0.0,0.0,0.0,0.0
2021-08-11,0.0012900516020641906,0.0,-0.0012900516020643016,-0.0012900516020641906,-0.0012900516020643016,0.0,0.0,0.0,0.0
2021-08-12,0.009048689138576815,0.0,-0.009048689138576815,-0.009048689138576815,-0.009048689138576815,0.0,0.0,0.0,-0.0004999999999999449
2021-08-13,0.00080173412121054,0.0,-0.00080173412121054,-0.00080173412121054,-0.00080173412121054,0.0,0.0,0.0,-0.00080173412121054
2021-08-16,-0.0005637313078565853,0.0,0.0005637313078565853,0.0005637313078565853,0.0005637313078565853,0.0,0.0,0.0,0.0005637313078565853
2021-08-17,-0.008816980852011325,0.0,0.008816980852011325,0.008816980852011325,0.008816980852011325,0.0,0.0,0.0,0.008312572361585335
2021-08-18,-0.0008985264166766482,0.0,0.0008985264166767593,0.0008985264166767593,0.0008985264166767593,0.0,0.0,0.0,0.0
2021-08-19,0.010132501948558081,0.0,-0.010132501948558081,-0.010132501948558081,-0.010132501948558081,0.0,0.0,0.0,-0.000500000000000056
2021-08-20,-0.002641263057929666,0.0,0.002641263057929777,0.002641263057929777,0.002641263057929777,0.0,0.0,0.0,0.0021399424264008093
2021-08-23,-0.0025887463921207,0.0,0.002588746392120811,0.002087452018924907,0.002588746392120811,0.0,0.0,0.0,0.0
2021-08-24,-0.007965393794749476,0.0,0.007461411097852144,-0.0004999999999999449,0.007461411097852144,0.0,0.0,0.0,0.0
2021-08-25,0.003007247466394025,0.0,0.0,-0.003007247466394025,0.0,0.0,0.0,0.0,0.0
2021-08-26,0.01313225197133705,0.0,0.0,-0.01313225197133705,0.0,0.0,0.0,0.0,0.0
2021-08-27,0.002870586842650402,0.0,0.0,-0.002870586842650402,0.0,0.0,0.0,0.0,0.0
2021-08-30,0.006964117091595945,0.0,0.0,-0.006964117091595945,0.0,0.0,0.0,0.0,0.0
2021-08-31,0.0020806470519281195,0.0,0.0,-0.0020806470519281195,0.0,0.0,0.0,0.0,0.0
2021-09-01,-0.00029244041526532705,0.0,0.0,0.00029244041526532705,0.0,0.0,0.0,0.0,0.0
2021-09-02,-0.006435571156940267,0.0,0.0,0.006435571156940156,0.0,0.0,0.0,0.0,0.0
2021-09-03,0.005005152362726362,0.0,0.0,-0.005005152362726362,0.0,0.0,0.0,0.0,0.0
2021-09-06,0.002021385674527698,0.0,0.0,-0.002021385674527698,0.0,0.0,0.0,0.0,0.0
2021-09-07,0.00017209975441478953,0.0,0.0,-0.0011720997544146794,0.0,0.0,0.0,0.0,0.0
2021-09-08,0.0,0.0,0.0,-0.0004999999999999449,0.0,0.0,0.0,0.0,0.0
2021-09-09,0.0,0.0,0.0,-0.0008500659533929866,0.0,0.0,0.0,0.0,0.0
2021-09-10,0.0,0.0,0.0,0.003485238987816164,0.0,0.0,0.0,0.0,0.0
2021-09-13,0.0,0.0,0.0,0.004232182218956604,0.0,0.0,0.0,0.0,0.0
2021-09-14,0.0,0.0,0.0,-0.004191139576753877,0.0,0.0,0.0,0.0,0.0
2021-09-15,0.0,0.0,0.0,-0.0015283778620345245,0.0,0.0,0.0,0.0,0.0
2021-09-16,0.0,0.0,0.0,0.0019369038884813339,0.0,0.0,0.0,0.0,0.0
2021-09-17,0.0,0.0,0.0,0.001705430915345918,0.0,0.0,0.0,0.0,0.0
2021-09-20,0.0,0.0,0.0,5.890842685030151e-05,0.0,0.0,0.0,0.0,0.0
2021-09-21,0.0,0.0,0.0,-0.0073050752599488344,0.0,0.0,0.0,0.0,0.0
2021-09-22,0.0,0.0,0.0,-0.0036858203936016576,0.0,0.0,0.0,0.0,0.0
2021-09-23,0.0,0.0,0.0,-0.0004999999999999449,0.0,0.0,0.0,0.0,0.0
2021-09-24,0.0,0.0,0.0,0.0041091099842627266,0.0,0.0,0.0,0.0,0.0
2021-09-27,0.0,0.0,0.0,-0.00023410294677073118,0.0,0.0,0.0,0.0,0.0
2021-09-28,0.0,0.0,0.0,-0.006085252040607392,0.0,0.0,0.0,0.0,0.0
2021-09-29,0.0,0.0,0.0,0.010991886940591389,0.0,0.0,0.0,0.0,0.0
2021-09-30,0.0,0.0,0.0,-0.005233600893828294,0.0,0.0,0.0,0.0,0.0
2021-10-01,0.0,0.0,0.0,-0.0067858083009156855,0.0,0.0,0.0,0.0,0.0
2021-10-04,0.0,0.0,0.0,0.00037767641846553346,0.0,0.0,0.0,0.0,0.0
2021-10-05,-0.0004999999999999449,0.0,0.0,-0.012235526621716009,0.0,0.0,0.0,0.0,0.0
2021-10-06,-0.00129202675930995,0.0,0.0,0.00129202675930995,0.0,0.0,0.0,0.0,0.0
2021-10-07,0.008020929162833479,0.0,-0.0004999999999999449,-0.008516918698251996,-0.0004999999999999449,0.0,0.0,0.0,-0.000500000000000056
2021-10-08,0.011978438810141823,0.0,-0.011978438810141823,-0.0004999999999999449,-0.011978438810141823,0.0,0.0,0.0,-0.011978438810141712
2021-10-11,0.004030098920609904,0.0,-0.004030098920609904,-0.004030098920609904,-0.004030098920609904,0.0,0.0,0.0,-0.004030098920609904
2021-10-12,-0.008561163195419108,0.0,0.008561163195419219,0.008561163195419219,0.008561163195419219,0.0,0.0,0.0,0.008056882613821648
2021-10-13,0.0030293593046628597,0.0,-0.0030293593046627487,-0.0030293593046628597,-0.0030293593046627487,0.0,0.0,0.0,0.0
2021-10-14,-0.00406458168680135,0.0,0.004064581686801461,0.004064581686801461,0.004064581686801461,0.0,0.0,0.0,0.0
2021-10-15,-0.0017855118467293707,0.0,0.0017855118467293707,0.0017855118467293707,0.0017855118467293707,0.0,0.0,0.0,0.0
2021-10-18,-0.0005678430481814711,0.0,0.0005678430481814711,0.0005678430481814711,0.0005678430481814711,0.0,0.0,0.0,0.0
2021-10-19,-0.00491463310701401,0.0,0.00491463310701401,0.00491463310701401,0.00491463310701401,0.0,0.0,0.0,-0.000500000000000056
2021-10-20,-0.005024551787141673,0.0,0.005024551787141673,0.005024551787141673,0.005024551787141673,0.0,0.0,0.0,0.00452203951124841
2021-10-21,-0.015092390680592205,0.0,0.01458484448525188,0.015092390680592205,0.01458484448525188,0.0,0.0,0.0,0.0
2021-10-22,-0.015498455980889059,0.0,0.0,0.014990706752898708,0.0,0.0,0.0,0.0,0.0
2021-10-25,0.012250695389714128,0.0,0.0,0.0,0.0,0.0,0.0,0.0,0.0
2021-10-26,-0.003215622076707114,0.0,0.0,0.0,0.0,0.0,0.0,0.0,0.0
2021-10-27,-0.01240541967270814,0.0,0.0,0.0,0.0,0.0,0.0,0.0,-0.000500000000000056
2021-10-28,-0.0039198218262805895,0.0,0.0,0.0,0.0,0.0,0.0,0.0,-0.0039198218262805895
2021-10-29,0.0007751244671019286,0.0,0.0,0.0,0.0,0.0,0.0,0.0,0.0007751244671019286
2021-11-01,0.018886472638446117,0.0,0.0,0.0,0.0,0.0,0.0,0.0,0.01837702940212682
