signal,horizon,n1,n0,mean1,mean0,spread_1_minus_0,median1,median0,hit1,hit0,welch_t,welch_p
BB03,1,98,767,-0.0013505713563032908,0.000538336449099276,-0.0018889078054025667,-0.0013007003534142303,0.0002439693818425681,0.42857142857142855,0.5215123859191656,-1.7995617783215732,0.07432065178335731
BB03,3,98,765,-0.001127160022661102,0.0020247868785602543,-0.0031519469012213563,-0.005977924513797417,0.000750831277485764,0.40816326530612246,0.5084967320261438,-0.5337584060212422,0.5945857378484903
BB03,5,98,763,-0.002608181700999782,0.0034164464216877174,-0.0060246281226875,-0.00520596927402478,0.0010390245393148145,0.46938775510204084,0.5216251638269986,-1.0100418658749153,0.3145604019370213
BB03,10,98,758,-0.008972368065274482,0.006369159273563321,-0.015341527338837802,-0.007369705958160611,0.0032950498356763003,0.45918367346938777,0.5408970976253298,-2.6408198079390313,0.009346093910034877
BB03,20,95,751,0.0014147275218861447,0.008862828240902999,-0.007448100719016854,-0.002432998951939047,0.0033867276887871167,0.47368421052631576,0.5486018641810919,-1.3834044064787276,0.16910313879577435
BB04,1,86,779,0.0005113081060343658,0.00030369135612640156,0.00020761674990796422,-2.0263478819892988e-05,0.00017765776009093237,0.5,0.5121951219512195,0.16669875666343204,0.8679393006913153
BB04,3,84,779,0.00900539303531511,0.0008755420602199449,0.008129850975095165,-0.0006505087893261541,-6.0733047888006375e-05,0.4880952380952381,0.4980744544287548,1.4572105425933892,0.14831309879560908
BB04,5,82,779,0.01815543110362719,0.001107062211235328,0.017048368892391863,0.004094217690047364,0.0005737234652898326,0.5487804878048781,0.5121951219512195,2.5348364063512228,0.012915901496531197
BB04,10,82,774,0.012706698165200257,0.0037552731387825292,0.008951425026417728,0.008493350013900614,0.0019117231418442904,0.5853658536585366,0.5258397932816538,1.4975483348981875,0.13736819528827973
BB04,20,82,764,0.011021446693550754,0.007705005883018552,0.0033164408105322016,0.001561227541231447,0.0027849303091432853,0.5121951219512195,0.5431937172774869,0.6398936095645957,0.5236223901367922
VB03,1,16,849,0.0048701114829586,0.00023866464053484647,0.004631446842423754,0.004491961103684994,0.00011096316023073705,0.625,0.508833922261484,1.6641435874511417,0.11618693031834253
VB03,3,16,847,0.01947760094331827,0.0013304116467351996,0.018147189296583068,0.010188925246433445,-9.153597363775745e-05,0.625,0.4946871310507674,1.189561049364601,0.2523835310771868
VB03,5,16,845,0.02859070241010376,0.0022410598514651953,0.026349642558638565,0.02280227598210316,0.0006138070479491109,0.6875,0.5124260355029586,2.4541553144294226,0.02611224602125632
VB03,10,16,840,0.007317471330515447,0.00456125133056649,0.0027562199999489577,0.018573694595723556,0.0026664976179355815,0.5625,0.530952380952381,0.15834805564663887,0.8762479813618269
VB03,20,16,830,0.00501067664808779,0.008084593129069798,-0.003073916480982007,0.0020956679850990256,0.0027106229827793538,0.5,0.5409638554216868,-0.18002286281308486,0.8594950328477703
VB04,1,376,489,0.0006159932352595033,0.00010007077113261555,0.0005159224641268878,0.0006459025535732188,-0.00021493050580312367,0.5372340425531915,0.49079754601226994,0.7368548071880068,0.4614255400600408
VB04,3,376,487,0.004659526033839904,-0.0006436991968090296,0.005303225230648933,0.00184958364333343,-0.0009413336572331454,0.526595744680851,0.47433264887063653,1.7906758753468397,0.07374697443853842
VB04,5,376,485,0.00532696285686983,0.0007179562450859679,0.004609006611783862,0.0011124201052503668,0.0004803961420494218,0.5159574468085106,0.5154639175257731,1.3249555350262217,0.1855744544567492
VB04,10,373,483,0.00540278044877357,0.004002678160603639,0.001400102288169931,0.00140124976330247,0.0030258924467596593,0.514745308310992,0.5445134575569358,0.3762436470851414,0.7068371281884964
VB04,20,368,478,0.008939150843442507,0.0073237983537876436,0.0016153524896548631,0.0064771063703142895,0.0006114347962975497,0.5760869565217391,0.5125523012552301,0.4595105701944741,0.6459972122979696
VB01,1,318,547,5.601646345432987e-05,0.00048031961272933336,-0.0004243031492750035,-0.0002812964214511382,0.0006723099960270762,0.4779874213836478,0.5301645338208409,-0.6372088672825724,0.524168029100363
VB01,3,317,546,0.0010868967931478896,0.0020035787480767865,-0.0009166819549288969,-0.0019259576289321068,0.0013765390649872478,0.45110410094637227,0.5238095238095238,-0.3087401095451782,0.7576131849822467
VB01,5,315,546,0.0017308221484014041,0.003307578454767963,-0.001576756306366559,0.0001466759561439268,0.00094734590349288,0.5015873015873016,0.5238095238095238,-0.45604152482189625,0.64849922868235
VB01,10,313,543,0.0051101621555516,0.004326058755573569,0.0007841033999780311,0.0017130620985010836,0.0033998186763370963,0.5143769968051118,0.5414364640883977,0.20456866306795912,0.8379739739188351
VB01,20,307,539,0.003944901627019265,0.010351202827462748,-0.006406301200443483,-0.0007511535572485295,0.0054803747474130304,0.4820846905537459,0.5732838589981447,-1.8248431788177113,0.06846117210732763
BB01,1,43,822,-0.0014329574914521007,0.00041625941079545325,-0.001849216902247554,-0.0011339154099104798,0.00018341003221677976,0.4418604651162791,0.5145985401459854,-1.151669769018844,0.25535230197547304
BB01,3,43,820,0.004091128771564468,0.0015397338325616272,0.002551394939002841,-0.0007555587536878239,-6.77120070077808e-05,0.4883720930232558,0.4975609756097561,0.25873698794292693,0.7970491308979205
BB01,5,43,818,0.017915661221380982,0.0019324857952693984,0.015983175426111586,0.014907127576488044,0.0004524994176218211,0.627906976744186,0.5097799511002445,1.4962615016584178,0.14168585846680823
BB01,10,43,813,0.018401233842026212,0.0038834902875239503,0.014517743554502261,0.011552599334850422,0.002087048912837286,0.5813953488372093,0.5289052890528906,1.3109446978673294,0.19661230975987748
BB01,20,40,806,0.017922904860544375,0.007535318770565212,0.010387586089979164,-2.904218529997671e-06,0.0027849303091432853,0.5,0.5421836228287841,0.9365447277407847,0.354479831754715
BB02,1,34,831,-0.0008816374731049054,0.00037367477452104577,-0.0012553122476259512,-0.0003584534392925276,0.00012015860936442913,0.47058823529411764,0.5126353790613718,-0.5778941746659624,0.5670581018810615
BB02,3,34,829,-2.3013169006622256e-05,0.0017361673433341756,-0.0017591805123407978,-0.0038151754388334735,0.0,0.4411764705882353,0.49939686369119424,-0.19384480376474458,0.8474250434806184
BB02,5,34,827,0.008132479330709604,0.0025086366575642364,0.005623842673145367,-0.003531199065179347,0.0007193669570777494,0.47058823529411764,0.5175332527206772,0.49377868004244885,0.6245860191662671
BB02,10,34,822,0.012915829244519924,0.004269333898601486,0.008646495345918437,0.018606665037991577,0.0022257759065239524,0.5882352941176471,0.5291970802919708,0.8562871995664503,0.39760157752704395
BB02,20,34,812,0.014245050607152277,0.007766073156224333,0.006478977450927944,0.005019042027308185,0.0027106229827793538,0.5588235294117647,0.5394088669950738,0.7947912786567615,0.43189317670059646
