signal,horizon,quintile,n,mean_return,median_return,hit_rate
PB07,1,1,174,0.0002459798388299081,0.00011013037055540575,0.5172413793103449
PB07,1,2,173,0.0008877471551679707,-0.00037946736580662943,0.48554913294797686
PB07,1,3,173,0.0011700593902668622,0.00036386791594655854,0.5317919075144508
PB07,1,4,172,-0.0009641538266771659,9.586220483803753e-06,0.5
PB07,1,5,173,0.00027503755730210795,0.00030637254901955124,0.5202312138728323
PB07,3,1,173,0.0040769024346175835,0.0,0.49710982658959535
PB07,3,2,172,0.0017723013033342143,-0.0009575770527516236,0.48255813953488375
PB07,3,3,173,0.0019067974239779875,0.0008524201319399793,0.5260115606936416
PB07,3,4,172,-0.000500119915935468,-0.0006398480264877549,0.47093023255813954
PB07,3,5,173,0.0010665029231687183,0.0004937783922576156,0.5086705202312138
PB07,5,1,171,0.009956398940015218,0.002622898700472831,0.5146198830409356
PB07,5,2,172,-0.00020652276420120264,0.0007955482872644692,0.5116279069767442
PB07,5,3,173,0.0030968779229821916,0.0006138070479491109,0.5202312138728323
PB07,5,4,172,0.0010936387798895033,0.0012929520331110833,0.5348837209302325
PB07,5,5,173,-0.00022971815645756604,-0.0008887514973531241,0.49710982658959535
PB07,10,1,170,0.01352284284244997,0.007128187968592492,0.5470588235294118
PB07,10,2,169,0.0015808202863978012,0.0033998186763370963,0.5384615384615384
PB07,10,3,173,0.005629227595553608,0.004746366063482554,0.5895953757225434
PB07,10,4,171,0.005893332289484813,0.0008973872225865875,0.5146198830409356
PB07,10,5,173,-0.0034631644403832454,-0.006053516595993513,0.4682080924855491
PB07,20,1,170,0.01858496317652371,0.014641805947101516,0.6058823529411764
PB07,20,2,169,0.002403168827116333,0.0010059135523989848,0.5266272189349113
PB07,20,3,171,0.005251987667155723,0.002489203454894451,0.5380116959064327
PB07,20,4,167,0.008439244743956178,0.0010772766446420778,0.5269461077844312
PB07,20,5,169,0.005428166203439853,0.0005556367890042768,0.5029585798816568
PB08,1,1,174,0.00020905016178786014,0.00011228900295190414,0.5172413793103449
PB08,1,2,173,0.0016177659217092308,0.000426985482493647,0.5433526011560693
PB08,1,3,172,-0.0013832550690186407,-0.001182940516595954,0.42441860465116277
PB08,1,4,174,0.0011418275839473575,0.00041640525144159835,0.5402298850574713
PB08,1,5,172,2.059129766862622e-05,0.0005754007105525094,0.5290697674418605
PB08,3,1,174,0.004453857479229326,-0.0002161893264836512,0.4827586206896552
PB08,3,2,173,0.0006603150296199477,3.0845157310332993e-05,0.5028901734104047
PB08,3,3,170,-0.0020401024257773216,-0.0029071781346606818,0.4235294117647059
PB08,3,4,174,0.00494115445680681,0.002681178278230001,0.5689655172413793
PB08,3,5,172,0.00021134369340356082,0.00019698326831585344,0.5058139534883721
PB08,5,1,174,0.006418657905563298,0.0007339779389284873,0.5114942528735632
PB08,5,2,173,0.003615373347288286,0.0025303335162492058,0.5549132947976878
PB08,5,3,168,-0.0025623471758272334,-0.0030410896364948536,0.4107142857142857
PB08,5,4,174,0.00728124794464389,0.0025732868819713373,0.5689655172413793
PB08,5,5,172,-0.0013233841187685975,0.0014850986852908976,0.5290697674418605
PB08,10,1,174,0.012361585055210409,0.009664292129937246,0.5747126436781609
PB08,10,2,173,-0.0017999779369148629,-0.0017044589864556592,0.4797687861271676
PB08,10,3,168,0.0019153870983038973,0.0010340986735964952,0.5297619047619048
PB08,10,4,170,0.011979781990405131,0.010870908785554745,0.6058823529411764
PB08,10,5,171,-0.0014581106926325638,-0.00519019987105096,0.4678362573099415
PB08,20,1,174,0.018435447652311344,0.010604470839109315,0.5977011494252874
PB08,20,2,173,-0.004662826282702157,-0.000641299700726794,0.4682080924855491
PB08,20,3,168,0.004829133603436388,0.004394736526751486,0.5654761904761905
PB08,20,4,164,0.01430882693816684,0.0038088585513715856,0.5609756097560976
PB08,20,5,167,0.007373306081832098,0.0010858745814859017,0.5089820359281437
BB06,1,1,174,0.0004398691046272617,0.0005128444785679198,0.5344827586206896
BB06,1,2,173,0.00039268306734004295,0.00035997120230391033,0.5202312138728323
BB06,1,3,172,0.0013471786313088256,9.462890543876501e-05,0.5058139534883721
BB06,1,4,173,0.00013680959945332395,0.00023410294677073118,0.5144508670520231
BB06,1,5,173,-0.0006896307318155592,-0.00032516800346837904,0.4797687861271676
BB06,3,1,173,0.005039363443848284,-0.0012061870299416855,0.47398843930635837
BB06,3,2,172,0.00015766102884257383,0.0015484323600988281,0.5348837209302325
BB06,3,3,172,-0.0012291960217330892,0.0011676245304408361,0.5174418604651163
BB06,3,4,173,-0.0016605801397633268,-0.0006445144657689639,0.48554913294797686
BB06,3,5,173,0.006001588364440909,-0.0006351815872065458,0.47398843930635837
BB06,5,1,171,0.01095004760732636,0.004091400339663487,0.543859649122807
BB06,5,2,172,-0.0015742909452700724,0.0007065723947881075,0.5174418604651163
BB06,5,3,172,-0.0023151297090727545,-0.00028530127814968553,0.4941860465116279
BB06,5,4,173,0.0007184670552666594,0.0023966667895727323,0.5375722543352601
BB06,5,5,173,0.005915457943253045,-0.0007522567703110994,0.48554913294797686
BB06,10,1,168,0.010370577791039002,0.006235403600274858,0.5714285714285714
BB06,10,2,171,-0.000135314101290318,0.0008973872225865875,0.5087719298245614
BB06,10,3,171,0.006708311467279288,0.0017130620985010836,0.5321637426900585
BB06,10,4,173,-0.0023411376407577963,-0.0012759410064924204,0.4913294797687861
BB06,10,5,173,0.008597155215818098,0.00807907430972743,0.5549132947976878
BB06,20,1,168,0.008387175801312671,0.0015765098814145562,0.5178571428571429
BB06,20,2,170,0.007185643595813183,0.004181446330557281,0.5764705882352941
BB06,20,3,169,0.012761772345551614,0.0072079864489855705,0.5621301775147929
BB06,20,4,170,0.005755754056919932,0.0014128155077924864,0.5176470588235295
BB06,20,5,169,0.006062487937952397,0.0014222503160554734,0.5266272189349113
BB07,1,1,174,-0.00018625854891761678,-0.0004984584453884833,0.47126436781609193
BB07,1,2,173,-0.0002809919444401874,0.00018860807242537803,0.5260115606936416
BB07,1,3,172,-0.00023482936916178354,-0.0005280438647182195,0.45348837209302323
BB07,1,4,173,0.0007580997595565402,0.0018481499641684884,0.5549132947976878
BB07,1,5,173,0.0015653644539525163,0.0014387880326689473,0.5491329479768786
BB07,3,1,174,0.0028220259609707545,0.0008014167299073005,0.5172413793103449
BB07,3,2,173,-0.0011581252681997112,-0.0015231740044970854,0.43352601156069365
BB07,3,3,170,0.0025857061895293238,-0.00033566261965456423,0.4823529411764706
BB07,3,4,173,0.0005836356036639979,0.002030991424702977,0.5375722543352601
BB07,3,5,173,0.003510314580425367,0.002254703778572509,0.5144508670520231
BB07,5,1,174,0.0017216852623375938,0.0014739912179324577,0.5459770114942529
BB07,5,2,173,0.0015800896715005913,-0.0007310386841303806,0.49710982658959535
BB07,5,3,168,0.005725732308991184,-0.0004748957682149668,0.49404761904761907
BB07,5,4,173,-0.0053411152816078495,-0.0008887514973531241,0.4797687861271676
BB07,5,5,173,0.010059583699659223,0.008318209316394487,0.5606936416184971
BB07,10,1,174,0.002967076915882002,0.003981605257544096,0.5862068965517241
BB07,10,2,171,0.0040077208228463885,-0.0014857939901149475,0.4678362573099415
BB07,10,3,165,0.007975377575361592,0.003791835945057054,0.5272727272727272
BB07,10,4,173,-0.003306090383893362,-0.0046149669713146935,0.4624277456647399
BB07,10,5,173,0.01157777659753056,0.012129014771649294,0.6127167630057804
BB07,20,1,170,0.004199559997088201,0.001856178781213469,0.5588235294117647
BB07,20,2,165,0.002503680009902523,-0.0019850358833408688,0.45454545454545453
BB07,20,3,165,0.026462610425257986,0.01377410468319562,0.6363636363636364
BB07,20,4,173,-0.005078487936055139,-0.0015046644598253334,0.4624277456647399
BB07,20,5,173,0.01257571338224507,0.012508047457003624,0.5895953757225434
VB05,1,1,174,-6.605018898902826e-05,0.0001813050212010614,0.5172413793103449
VB05,1,2,173,-0.00014326310255082534,0.00010755386656136068,0.5086705202312138
VB05,1,3,174,0.001325932693156798,0.0014947512053203882,0.5804597701149425
VB05,1,4,171,0.00022297048351214622,-0.0002267867556536851,0.4678362573099415
VB05,1,5,173,0.00027737035767020875,-0.0005544993662863762,0.4797687861271676
VB05,3,1,173,0.0029227875940573416,0.0022530980097632547,0.5260115606936416
VB05,3,2,173,-0.0002873215270334499,-0.0008504692767974387,0.4797687861271676
VB05,3,3,174,0.0049142286387585925,0.0021292380700739244,0.5804597701149425
VB05,3,4,171,0.0025521641812602737,-0.0013345356176736045,0.4619883040935672
VB05,3,5,172,-0.0017961116735862141,-0.00337840740573242,0.436046511627907
VB05,5,1,173,0.004957251574792989,0.0026327499258380627,0.5317919075144508
VB05,5,2,173,0.0020390478628448173,0.0006562397462539504,0.5260115606936416
VB05,5,3,174,0.003503691575332658,0.0012208274811228437,0.5344827586206896
VB05,5,4,171,0.0027103302115453814,0.0006138070479491109,0.5029239766081871
VB05,5,5,170,0.0003981071179780409,-0.0009702334407053481,0.4823529411764706
VB05,10,1,172,0.008460591107455858,0.0025497753978255266,0.5406976744186046
VB05,10,2,172,0.002495845933221079,0.0032081583485532583,0.5232558139534884
VB05,10,3,173,0.002102369729160515,0.003547860640034095,0.5549132947976878
VB05,10,4,171,0.005899038637481086,0.0017130620985010836,0.52046783625731
VB05,10,5,168,0.0041165352250811344,0.002138709821393414,0.5178571428571429
VB05,20,1,172,0.015120532428852378,0.0063091284225590405,0.5930232558139535
VB05,20,2,168,0.0069385379054028844,0.002351925671350119,0.5416666666666666
VB05,20,3,173,0.00618801528684361,0.0038330494037477347,0.5664739884393064
VB05,20,4,168,0.006532843389792452,-0.00031096508251271526,0.49404761904761907
VB05,20,5,165,0.00518747177889676,0.0006672328035908226,0.503030303030303
