signal,type,year,horizon,n,coef,hac_tstat,hac_pvalue,spearman_ic,n1,n0,mean_1,mean_0,spread_1_minus_0
PB01,binary,2018,1,227,-0.0014600805486433366,-0.8707979695790251,0.3838644741028727,-0.10022432314238251,144.0,83.0,0.00021931585594796917,0.0016793964045913065,-0.0014600805486433372
PB01,binary,2019,1,228,0.0012670017926158024,0.8776847877572016,0.38011480212735205,0.06454579713484834,118.0,110.0,0.0003653039191475805,-0.0009016978734682203,0.001267001792615801
PB01,binary,2020,1,230,-0.0039046316100863543,-1.8645955810651946,0.062238112734842505,-0.1380087553611835,184.0,46.0,-0.00034430398349345867,0.003560327626592894,-0.003904631610086353
PB01,binary,2021,1,180,-0.0006594998873293825,-0.8812354166364116,0.378190413676217,-0.06086004180607798,129.0,51.0,0.00017555527895361467,0.0008350551662829989,-0.0006594998873293843
PB01,binary,2018,3,227,-0.0020079397748109457,-0.2789906092042892,0.7802520315246966,-0.03810757690511201,144.0,83.0,0.001625972549816906,0.0036339123246278415,-0.0020079397748109353
PB01,binary,2019,3,228,-0.0017293792563557277,-0.2415204719767754,0.8091517516955946,0.020003862748403413,118.0,110.0,-0.00018022121113824924,0.0015491580452174781,-0.0017293792563557273
PB01,binary,2020,3,230,-0.014878021236332537,-1.7529643652329752,0.07960812399146212,-0.1889230174220709,184.0,46.0,-0.00036297358766886235,0.014515047648663662,-0.014878021236332525
PB01,binary,2021,3,178,-0.00150811658346477,-0.5560371316500735,0.5781854712552754,-0.11014858111511325,127.0,51.0,0.00042575972042860105,0.0019338763038933679,-0.0015081165834647668
PB01,binary,2018,5,227,-0.004317853749943163,-0.4280991635154628,0.6685789257646142,-0.06728150940756039,144.0,83.0,0.0025196393821335394,0.006837493132076688,-0.004317853749943149
PB01,binary,2019,5,228,-0.007177615100939442,-0.7131552241330024,0.47574971001690236,-0.01773675830358436,118.0,110.0,-0.0026155725760232413,0.004562042524916189,-0.0071776151009394305
PB01,binary,2020,5,230,-0.012798603292360159,-0.9925611763243337,0.3209238525636313,-0.0828379955074245,184.0,46.0,0.002093798461612989,0.014892401753973144,-0.012798603292360156
PB01,binary,2021,5,176,-0.004889140170908709,-1.3213516884659782,0.18638412674275506,-0.13570698261446723,125.0,51.0,-0.0005229309548055791,0.004366209216103133,-0.004889140170908712
PB01,binary,2018,10,227,-0.009443638358106077,-0.7668367620483045,0.443178576144201,-0.0840320926625547,144.0,83.0,0.0019703232184333833,0.011413961576539443,-0.00944363835810606
PB01,binary,2019,10,228,-0.00980764922578755,-0.7886093141517486,0.4303403854188895,-0.07068031504435872,118.0,110.0,-0.0037218120475998396,0.006085837178187698,-0.009807649225787538
PB01,binary,2020,10,230,0.0029628365877256693,0.1554349081204492,0.8764784658763906,0.024720429489369762,184.0,46.0,0.009861275729376418,0.006898439141650754,0.002962836587725664
PB01,binary,2021,10,171,-0.006487043300427961,-1.2782123694456198,0.2011745558868876,-0.12041460924747502,120.0,51.0,0.00014347891011713871,0.006630522210545095,-0.0064870433004279564
PB01,binary,2018,20,227,0.01173026956838064,0.7222047552689476,0.47016860015269013,0.0650480983068945,144.0,83.0,0.014398912204156122,0.0026686426357754867,0.011730269568380636
PB01,binary,2019,20,228,-0.015826036349893137,-1.046855830239029,0.295166076140996,-0.1514959205479085,118.0,110.0,-0.009626175967155887,0.006199860382737232,-0.01582603634989312
PB01,binary,2020,20,230,-0.015113983805338807,-1.3432911663449565,0.17917771135390936,-0.09266068272174363,184.0,46.0,0.015444309411980413,0.030558293217319205,-0.015113983805338791
PB01,binary,2021,20,161,-0.010685464790918496,-1.6610480205703098,0.09670380269399585,-0.25136207152535656,110.0,51.0,0.0009748659951233863,0.011660330786041886,-0.0106854647909185
PB02,binary,2018,1,227,-0.0022989293227282438,-1.492605957388929,0.1355403630120257,-0.11032689145352768,147.0,80.0,-5.701744925406904e-05,0.0022419118734741767,-0.002298929322728246
PB02,binary,2019,1,228,0.002058858277356561,1.3592964205820801,0.17405267784368283,0.05099846390461902,158.0,70.0,0.0003861367359336379,-0.0016727215414229215,0.0020588582773565594
PB02,binary,2020,1,230,-0.0012325497853273404,-0.5869087598826529,0.5572649862305328,-0.053656468942836856,181.0,49.0,0.0001740356451279875,0.0014065854304553267,-0.001232549785327339
PB02,binary,2018,3,227,-0.003800627097220482,-0.5525070663618988,0.5806009943687587,-0.11440786065270156,147.0,80.0,0.0010207251204410023,0.004821352217661475,-0.0038006270972204726
PB02,binary,2019,3,228,-0.0008384472676347689,-0.10035295190488404,0.9200641200811787,0.04608643055403249,158.0,70.0,0.00039671040932094334,0.0012351576769557163,-0.0008384472676347729
PB02,binary,2020,3,230,0.002147007084122842,0.20692038435485766,0.8360720366086729,-0.016872600517047063,181.0,49.0,0.0030700365166499,0.0009230294325270599,0.00214700708412284
PB02,binary,2018,5,227,-0.0060713884489593025,-0.6369332208261524,0.524168342542725,-0.13030956822189624,147.0,80.0,0.0019587177315984632,0.008030106180557758,-0.006071388448959296
PB02,binary,2019,5,228,-0.003059945734599329,-0.24833143182577533,0.8038779814325914,0.037707079544208405,158.0,70.0,-9.214512128032603e-05,0.002967800613318997,-0.0030599457345993233
PB02,binary,2020,5,230,0.004613151572622525,0.2650842796707329,0.7909445372756182,0.03478474514177948,181.0,49.0,0.0056363209768611235,0.001023169404238599,0.004613151572622524
PB02,binary,2018,10,227,-0.008013147690854192,-0.6001813971488212,0.5483853500936466,-0.11229701451519783,147.0,80.0,0.002599266691801084,0.010612414382655271,-0.008013147690854186
PB02,binary,2019,10,228,-0.00047392108662218206,-0.031745480877982346,0.9746750246521412,0.00910170885549858,158.0,70.0,0.0008644464557908464,0.0013383675424130277,-0.0004739210866221813
PB02,binary,2020,10,230,0.00744580713855857,0.3457984988030025,0.7294941534223032,0.07444735109654414,181.0,49.0,0.010854989063089413,0.003409181924530855,0.0074458071385585575
PB02,binary,2018,20,227,-0.015656956851851006,-0.9699544441508355,0.3320692001834611,-0.11581509141103737,147.0,80.0,0.00459200065206946,0.02024895750392046,-0.015656956851851
PB02,binary,2019,20,228,0.002251874155607742,0.14577229510185966,0.8841011475495577,-0.040740982496041266,158.0,70.0,-0.0012994426803980593,-0.0035513168360057977,0.0022518741556077386
PB02,binary,2020,20,230,0.009037877374028672,0.8139788525926459,0.415657065870487,0.07540693027286909,181.0,49.0,0.020392567004906447,0.011354689630877803,0.009037877374028645
PB03,binary,2018,1,227,-0.0007087202488176514,-0.44540178118410817,0.65602942524564,-0.03289911697056202,122.0,105.0,0.0004253557652499233,0.001134076014067575,-0.0007087202488176516
PB03,binary,2019,1,228,0.0003461400962651163,0.2501768831973723,0.8024505614736629,0.005344254069500089,106.0,122.0,-6.0753560867304774e-05,-0.00040689365713242147,0.0003461400962651167
PB03,binary,2020,1,230,-0.0030301319354738105,-2.036365514298123,0.041713665647678234,-0.11774857849236689,144.0,86.0,-0.0006963835156098753,0.0023337484198639393,-0.0030301319354738144
PB03,binary,2021,1,180,-0.0010278584803830838,-1.343539528038657,0.1790973356148301,-0.10615787952003508,105.0,75.0,-6.586078646267871e-05,0.0009619976939204067,-0.0010278584803830855
PB03,binary,2018,3,227,0.00472329089969888,0.7136184644509673,0.47546313675615837,0.007955114349439178,122.0,105.0,0.004544935306546826,-0.00017835559315207072,0.004723290899698897
PB03,binary,2019,3,228,-0.004763653825796721,-0.6643725026628429,0.506451927485724,0.0056114667729750935,106.0,122.0,-0.0018948442310859263,0.0028688095947107983,-0.004763653825796725
PB03,binary,2020,3,230,-0.005816139974555492,-0.8927335021566751,0.3719999047425777,-0.11084607561522813,144.0,86.0,0.00043790006041602284,0.006254040034971518,-0.005816139974555495
PB03,binary,2021,3,178,-2.4753294146821563e-06,-0.0008344700895001285,0.9993341892764078,-0.08613766634252328,105.0,73.0,0.0008568453760995639,0.000859320705514245,-2.4753294146811263e-06
PB03,binary,2018,5,227,0.007294767900911602,0.8517572323520521,0.39434884793685765,0.03451710632976999,122.0,105.0,0.007472645949715042,0.00017787804880342595,0.007294767900911616
PB03,binary,2019,5,228,-0.010063349317603528,-1.0075964712252403,0.3136482236898901,-0.03340158793437555,106.0,122.0,-0.0045374627323578574,0.005525886585245665,-0.010063349317603523
PB03,binary,2020,5,230,-0.003843000807336496,-0.42271197104624203,0.6725054204100525,-0.07890508190925274,144.0,86.0,0.0032165709921244162,0.007059571799460916,-0.0038430008073364994
PB03,binary,2021,5,176,-0.001821625823798581,-0.4792039077358914,0.6317935745327735,-0.11067521538938925,105.0,71.0,0.0001589481089821778,0.001980573932780757,-0.0018216258237985792
PB03,binary,2018,10,227,0.003039551912445689,0.35569859329403297,0.7220662986173456,0.037618252601585266,122.0,105.0,0.0068292436348633455,0.0037896917224176465,0.003039551912445699
PB03,binary,2019,10,228,-0.009460185596748731,-0.6572461253485955,0.5110226714984505,-0.05344254069500089,106.0,122.0,-0.004052080591313508,0.005408105005435226,-0.009460185596748733
PB03,binary,2020,10,230,-0.002319070287757876,-0.22157166755873423,0.8246473402868584,-0.03518923035404068,144.0,86.0,0.008401577782495732,0.010720648070253608,-0.002319070287757876
PB03,binary,2021,10,171,-0.002433441959319457,-0.633046296387957,0.5267034106081921,-0.05921581271948212,104.0,67.0,0.0011247572554237012,0.0035581992147431575,-0.002433441959319456
PB03,binary,2018,20,227,-0.010980950275803232,-1.0133011155948761,0.3109163548313806,-0.16543941197901477,122.0,105.0,0.005030576727790784,0.016011527003594015,-0.01098095027580323
PB03,binary,2019,20,228,-0.004173624973680295,-0.31985900874270723,0.7490752129449743,-0.024316356016225404,106.0,122.0,-0.004224063021106558,-5.043804742626292e-05,-0.004173624973680294
PB03,binary,2020,20,230,-0.007525387422849133,-0.7724291858746626,0.4398602733275413,-0.11165813477724446,144.0,86.0,0.015653265658417626,0.023178653081266765,-0.007525387422849139
PB03,binary,2021,20,161,0.0006406532291323804,0.15914343059108216,0.8735558715537441,-0.04347697671506831,95.0,66.0,0.004622330699841277,0.003981677470708899,0.0006406532291323777
PB04,binary,2018,1,227,-0.0011200128913410696,-0.8534282825372805,0.393421842925308,-0.035709444285472236,64.0,163.0,-5.1060424894309314e-05,0.0010689524664467594,-0.0011200128913410688
PB04,binary,2019,1,228,0.00011268293541377597,0.07617350404903195,0.9392810621353049,0.019667527938541176,104.0,124.0,-0.0001846851738192161,-0.00029736810923299396,0.00011268293541377787
PB04,binary,2020,1,230,-0.0013984956198020545,-0.6526367114458694,0.5139905124137647,-0.05664416293590688,184.0,46.0,0.0001569232145634011,0.0015554188343654552,-0.0013984956198020541
PB04,binary,2021,1,180,-0.001713995755607277,-2.1318211536180067,0.033021551954436144,-0.14418001965741098,130.0,50.0,-0.00011369635174952597,0.0016002994038577523,-0.0017139957556072782
PB04,binary,2018,3,227,0.0014706757194984498,0.24937132353980263,0.8030735650961158,0.007321183138025688,64.0,163.0,0.003416189041392039,0.0019455133218935878,0.0014706757194984513
PB04,binary,2019,3,228,-0.004633985800582949,-0.6155865414970205,0.5381674360852234,0.009097904080413605,104.0,124.0,-0.0018661094614591095,0.0027678763391238434,-0.0046339858005829525
PB04,binary,2020,3,230,-0.012307287526760522,-1.5068441441712521,0.13185061137013726,-0.1517605174612303,184.0,46.0,0.00015117315424553987,0.012458460681006053,-0.012307287526760514
PB04,binary,2021,3,178,0.0008866736204819813,0.2512285333751531,0.8016374253839427,-0.10366639443977563,129.0,49.0,0.0011019448505427596,0.00021527123006077756,0.000886673620481982
PB04,binary,2018,5,227,0.006711665551283688,0.7817661442347906,0.4343520211715005,0.05393769618014844,64.0,163.0,0.00891780390241778,0.0022061383511340913,0.006711665551283688
PB04,binary,2019,5,228,-0.007498160787459088,-0.7242638422809452,0.468903770660719,-0.008428940545089076,104.0,124.0,-0.003230635192433726,0.004267525595025369,-0.007498160787459095
PB04,binary,2020,5,230,-0.0155266682695102,-1.2250596977560724,0.2205527286333524,-0.13669906373260765,184.0,46.0,0.0015481854661829814,0.017074853735693177,-0.015526668269510196
PB04,binary,2021,5,176,-0.0034618677275501733,-0.8679409955141512,0.38542663485618167,-0.1488317241906186,127.0,49.0,-7.000692033747856e-05,0.0033918608072126973,-0.003461867727550176
PB04,binary,2018,10,227,0.0047583359065524865,0.38941591058066105,0.6969685041570812,0.052891812874716206,64.0,163.0,0.008840062145705891,0.004081726239153398,0.004758335906552493
PB04,binary,2019,10,228,-0.006927166130015897,-0.53420034777242,0.5932029285552047,-0.03906747046295254,104.0,124.0,-0.0027574575970969557,0.0041697085329189445,-0.0069271661300159
PB04,binary,2020,10,230,-0.020246364982157868,-1.1156021092370976,0.2645924888668687,-0.11607142058253751,184.0,46.0,0.005219435415399712,0.025465800397557577,-0.020246364982157865
PB04,binary,2021,10,171,0.0006765044443470436,0.16854644173363514,0.8661534109943049,-0.028035464835608908,122.0,49.0,0.0022720632732448048,0.0015955588288977614,0.0006765044443470434
PB04,binary,2018,20,227,0.013121704211561176,0.8511417683009883,0.3946906056534738,0.0866589024501,64.0,163.0,0.01953206380023049,0.006410359588669301,0.013121704211561187
PB04,binary,2019,20,228,-0.013965737715858786,-0.8443412781575027,0.39847872601651046,-0.15493195478116112,104.0,124.0,-0.009586208766621883,0.004379528949236908,-0.013965737715858791
PB04,binary,2020,20,230,-0.02044233266367132,-1.8117341476720907,0.07002728460232062,-0.15847268705768164,184.0,46.0,0.01437863964031391,0.03482097230398522,-0.020442332663671306
PB04,binary,2021,20,161,-0.00950092532841875,-1.6291044122085814,0.10329091735666453,-0.24223233953543954,112.0,49.0,0.0014681166985042837,0.010969042026923038,-0.009500925328418754
PB05,binary,2018,1,227,0.000530660096914497,0.32869725450386345,0.7423845297204088,0.05063732936644746,124.0,103.0,0.0009939620036113618,0.0004633019066968655,0.0005306600969144962
PB05,binary,2019,1,228,-0.001995835137303315,-1.4154905435511846,0.15692471908527025,-0.10225843286452593,102.0,126.0,-0.0013489303987820507,0.0006469047385212655,-0.0019958351373033163
PB05,binary,2020,1,230,0.0010640463273537072,0.7308796649682838,0.4648526578255677,0.042632028400191854,137.0,93.0,0.0008668671578450933,-0.00019717916950861338,0.0010640463273537068
PB05,binary,2021,1,180,-0.000710213904506047,-0.8939006869085507,0.37137503022764407,-0.06928318424877435,95.0,85.0,2.70347921246402e-05,0.0007372486966306873,-0.0007102139045060471
PB05,binary,2018,3,227,0.01063430827492766,1.7985392077723585,0.07209160121597301,0.07305278716599486,124.0,103.0,0.0071854119931070316,-0.003448896281820646,0.010634308274927678
PB05,binary,2019,3,228,-0.0041206217517732405,-0.6096573230296697,0.5420888305746603,-0.04972199029192545,102.0,126.0,-0.0016230572748413127,0.002497564476931929,-0.004120621751773242
PB05,binary,2020,3,230,0.0011116472700210597,0.16057824847148078,0.872425587757508,-0.0008673182616627451,137.0,93.0,0.0030621228166061577,0.0019504755465850985,0.0011116472700210592
PB05,binary,2021,3,178,0.00305334201422893,0.9466574815971753,0.3438133429806507,0.042408957318590484,95.0,83.0,0.0022816099054718854,-0.0007717321087570484,0.0030533420142289337
PB05,binary,2018,5,227,0.006884569707422372,0.9005047754904426,0.36785168508891064,0.0386194031968106,124.0,103.0,0.007222249695392511,0.0003376799879701303,0.00688456970742238
PB05,binary,2019,5,228,-0.008911524982179092,-0.9079260667010749,0.3639172845692409,-0.07599021157822569,102.0,126.0,-0.004077478219230384,0.004834046762948709,-0.008911524982179092
PB05,binary,2020,5,230,-0.0012565824936033843,-0.13442831472624073,0.8930638929184499,-0.03782841956636743,137.0,93.0,0.004145422720497567,0.005402005214100946,-0.0012565824936033787
PB05,binary,2021,5,176,-0.0034514814322210777,-0.9238959769390529,0.3555404778937602,-0.13900229288360885,95.0,81.0,-0.0006946573598826415,0.002756824072338436,-0.0034514814322210777
PB05,binary,2018,10,227,0.009658997910666956,1.1747858307530046,0.24008041028918603,0.07291775428768434,124.0,103.0,0.009806000612801227,0.00014700270213426138,0.009658997910666966
PB05,binary,2019,10,228,-0.007374425962681222,-0.6114550868172685,0.5408983433265191,-0.039402331929450356,102.0,126.0,-0.0030653921197981073,0.004309033842883116,-0.007374425962681223
PB05,binary,2020,10,230,-0.01540767032313729,-1.1364859272265844,0.255753251948615,-0.14083914233615807,137.0,93.0,0.0030386504116062074,0.0184463207347435,-0.015407670323137293
PB05,binary,2021,10,171,0.0017672840509993033,0.4761514633585215,0.6339664753715915,0.00023841487061413276,95.0,76.0,0.002863670700747389,0.001096386649748086,0.001767284050999303
PB05,binary,2018,20,227,-0.004313043392907274,-0.4872648501912247,0.6260706536479507,-0.05671380889042115,124.0,103.0,0.008152851218935676,0.012465894611842948,-0.004313043392907272
PB05,binary,2019,20,228,0.0006225829020938556,0.05069189773938234,0.959571033017473,0.003886624578075035,102.0,126.0,-0.0016467485805240075,-0.0022693314826178605,0.000622582902093853
PB05,binary,2020,20,230,0.005100052725104546,0.49493104073883554,0.6206487986035918,-0.01607874623544012,137.0,93.0,0.020529301405373054,0.01542924868026851,0.005100052725104545
PB05,binary,2021,20,161,-0.002366868532038151,-0.6020420812024577,0.5471461264562977,-0.12193289841639651,90.0,71.0,0.003315928346440993,0.005682796878479145,-0.0023668685320381517
PB06,binary,2018,1,227,0.001007770715129772,0.6588536319806175,0.509989763557826,0.055822331747270325,38.0,189.0,0.0015922469162868407,0.0005844762011570691,0.0010077707151297717
PB06,binary,2019,1,228,0.0006680035655822781,0.29993578687331207,0.7642261363020628,0.05702987831739516,35.0,193.0,0.0003194902830495172,-0.0003485132825327608,0.000668003565582278
PB06,binary,2020,1,230,0.0003619123937695125,0.1960728780319526,0.8445531244009151,0.008916870505358178,31.0,199.0,0.0007497552357417799,0.0003878428419722692,0.0003619123937695107
PB06,binary,2021,1,180,-0.002102371327769662,-1.9624727023024353,0.049707475697571134,-0.12154101423275437,23.0,157.0,-0.00147132141107993,0.00063104991668973,-0.00210237132776966
PB06,binary,2018,3,227,0.00860746757900965,0.8479135124425414,0.3964861386827748,-0.008103241705248919,38.0,189.0,0.00952672309493643,0.0009192555159267775,0.008607467579009652
PB06,binary,2019,3,228,-0.0018215953298707163,-0.2309365909354599,0.8173640635026013,0.008226351977711783,35.0,193.0,-0.0008878360377431457,0.0009337592921275611,-0.0018215953298707068
PB06,binary,2020,3,230,0.0006319862380722186,0.04380314880401603,0.9650613171125834,-0.04113266071826514,31.0,199.0,0.0031594361438427383,0.002527449905770517,0.0006319862380722214
PB06,binary,2021,3,178,0.007449462707295518,0.9310810862454566,0.35181162149497813,0.037320993294714014,23.0,155.0,0.007344752222605613,-0.00010471048468990324,0.007449462707295516
PB06,binary,2018,5,227,0.009238438278090805,0.9099429988094591,0.3628525716279055,0.028631454025212843,38.0,189.0,0.01179032967202096,0.00255189139393015,0.00923843827809081
PB06,binary,2019,5,228,-0.005547982748369731,-0.602282595227687,0.5469860442760623,0.000462154605489426,35.0,193.0,-0.003849006827479462,0.0016989759208902561,-0.0055479827483697185
PB06,binary,2020,5,230,-0.002266866536607416,-0.12056542445813832,0.9040352562995385,-0.03959857547003147,31.0,199.0,0.0026921867688464306,0.004959053305453846,-0.0022668665366074154
PB06,binary,2021,5,176,0.0011249881702519236,0.12132141070361147,0.9034364619890621,-0.03865460657914271,23.0,153.0,0.0018717811972676513,0.0007467930270157282,0.0011249881702519232
PB06,binary,2018,10,227,-0.006154420824923911,-0.5995647477601055,0.5487963468804207,-0.049339738383071194,38.0,189.0,0.0002991181427161301,0.006453538967640043,-0.006154420824923913
PB06,binary,2019,10,228,-1.4841944518409478e-05,-0.00112098725855485,0.9991055817608652,0.02708225988168036,35.0,193.0,0.0009973849679465495,0.0010122269124649558,-1.4841944518406225e-05
PB06,binary,2020,10,230,-0.004974336040066554,-0.2257021438663033,0.8214330905462738,-0.0756495788035226,31.0,199.0,0.004964826359773699,0.009939162399840254,-0.004974336040066555
PB06,binary,2021,10,171,0.007861704865499348,1.3646164438072113,0.17237363371088488,0.13159711645040545,23.0,148.0,0.008882493696174042,0.0010207888306746858,0.007861704865499357
PB06,binary,2018,20,227,-0.024985767718960696,-2.3306627963653335,0.01977114739917039,-0.1809723980838925,38.0,189.0,-0.010693257280686003,0.014292510438274682,-0.024985767718960685
PB06,binary,2019,20,228,0.0059860752829997066,0.41419143175755796,0.6787339163063418,0.0773646809589299,35.0,193.0,0.003076352664893167,-0.0029097226181065286,0.005986075282999695
PB06,binary,2020,20,230,0.0011297283290506543,0.06872553630231137,0.9452080912272135,-0.0449678738388493,31.0,199.0,0.019444566770791996,0.018314838441741345,0.0011297283290506513
PB06,binary,2021,20,161,-0.0016443161452293679,-0.32240157860213425,0.7471484884692915,0.008284802263723242,19.0,142.0,0.0029094362542182507,0.004553752399447619,-0.0016443161452293687
PB07,continuous,2018,1,227,-0.03381551347415585,-1.194501335779527,0.23228191850624613,-0.09991459239027208,,,,,
PB07,continuous,2019,1,228,0.0018272002855381046,0.09717415738139584,0.9225880903237689,0.010006320394125214,,,,,
PB07,continuous,2020,1,230,-0.03007207481059681,-1.082290822676905,0.27912332259278627,-0.03327510087942986,,,,,
PB07,continuous,2021,1,180,-0.0315725426487412,-1.0293368591349177,0.303321408468187,-0.05941983507715212,,,,,
PB07,continuous,2018,3,227,-0.023292022921192465,-0.19338415596881015,0.846658122935893,-0.06291540030008909,,,,,
PB07,continuous,2019,3,228,-0.07836056710680725,-0.738896817239647,0.4599696551521808,-0.04335481558602031,,,,,
PB07,continuous,2020,3,230,-0.05295842684958031,-0.30574375419893923,0.7597997564572684,-0.09117599557160827,,,,,
PB07,continuous,2021,3,178,0.024587540960812754,0.18511412096780058,0.8531395260883805,-0.07196752077929396,,,,,
PB07,continuous,2018,5,227,-0.05114144776603784,-0.2918912968066451,0.7703697380142088,-0.06425063158030571,,,,,
PB07,continuous,2019,5,228,-0.19772549340507645,-1.2727126618080702,0.20312002289828335,-0.07895708687801889,,,,,
PB07,continuous,2020,5,230,-0.11677162098774128,-0.489993815988294,0.6241382748010929,-0.08142549102046953,,,,,
PB07,continuous,2021,5,176,-0.15102964138015706,-0.9182400515468122,0.35849320456684464,-0.16363726413005933,,,,,
PB07,continuous,2018,10,227,-0.19103965923146857,-1.024036695060757,0.30581794308998034,-0.09648751586966992,,,,,
PB07,continuous,2019,10,228,-0.19830550015707937,-0.9690710120765161,0.3325097597172494,-0.08692427651490761,,,,,
PB07,continuous,2020,10,230,-0.2959367982938379,-0.933853563332879,0.3503794352411028,-0.1385072683719924,,,,,
PB07,continuous,2021,10,171,-0.2031394678238168,-1.0904884342242767,0.2754980453115309,-0.11278177443848121,,,,,
PB07,continuous,2018,20,227,-0.2573464297970758,-1.2589897834869623,0.20803402206928445,-0.16723835904540604,,,,,
PB07,continuous,2019,20,228,-0.15920526814109714,-0.7620497136278002,0.4460303338524889,-0.1227629614274696,,,,,
PB07,continuous,2020,20,230,-0.19516052233750042,-0.9626798513958659,0.33570821110206317,-0.12342041900253115,,,,,
PB07,continuous,2021,20,161,-0.20742045062279588,-1.0660477507368264,0.2864020568834371,-0.18732279343991318,,,,,
PB08,continuous,2018,1,227,-0.06617549451951485,-1.4205691399037594,0.15544205528873495,-0.07703616462701172,,,,,
PB08,continuous,2019,1,228,0.02537525825278798,0.6403219935174522,0.5219632850737868,0.025033513014402167,,,,,
PB08,continuous,2020,1,230,-0.06550354930983289,-0.8793012750287454,0.37923794475973205,-0.030628387921477138,,,,,
PB08,continuous,2021,1,180,-0.013582335074507986,-0.2511186245123166,0.8017223968975439,-0.03675860089419717,,,,,
PB08,continuous,2018,3,227,-0.11782231570520528,-0.43107501521870933,0.666413826743555,-0.04412728766838915,,,,,
PB08,continuous,2019,3,228,-0.07253351862654162,-0.3519887652023026,0.7248466880737338,0.01635809718977507,,,,,
PB08,continuous,2020,3,230,-0.07305362547070104,-0.2150941159916157,0.8296939413051113,-0.04264687896988185,,,,,
PB08,continuous,2021,3,178,-0.038525128452510986,-0.19554968694141542,0.8449626438424415,-0.09977317267028613,,,,,
PB08,continuous,2018,5,227,-0.21200728142926822,-0.5308406323710916,0.5955292204598637,-0.05679685905021471,,,,,
PB08,continuous,2019,5,228,-0.16152472955189612,-0.5241447753229866,0.6001778479231985,0.005939194634680814,,,,,
PB08,continuous,2020,5,230,-0.07137620871977148,-0.14076954911902975,0.8880519997620308,-0.011095812588285497,,,,,
PB08,continuous,2021,5,176,-0.21238800610535677,-0.9569514414434414,0.33859176492323806,-0.12880244510300334,,,,,
PB08,continuous,2018,10,227,-0.46016858256785814,-0.9186821039323181,0.3582618730858176,-0.0964331917225359,,,,,
PB08,continuous,2019,10,228,-0.13533216741875767,-0.3226160237921656,0.7469860568898357,-0.023215102928502623,,,,,
PB08,continuous,2020,10,230,0.0862510403155706,0.1284235858568006,0.8978137668855262,0.020328514956191323,,,,,
PB08,continuous,2021,10,171,-0.2651762378501233,-0.8714183094243398,0.38352579217075455,-0.09790683916618982,,,,,
PB08,continuous,2018,20,227,-0.4888252992953213,-1.0052309358600835,0.3147856621227133,-0.05795255540728394,,,,,
PB08,continuous,2019,20,228,-0.3706812705659199,-0.798240841968199,0.424730740612833,-0.1386451629887435,,,,,
PB08,continuous,2020,20,230,-0.18532796610166263,-0.32303215949104613,0.7466708868348912,0.028353992914491682,,,,,
PB08,continuous,2021,20,161,-0.3616460458812347,-1.0948959246950234,0.27356223466395,-0.20599614961511345,,,,,
BB01,binary,2018,1,227,-0.0029781886565728548,-1.1383266967982903,0.25498409031192504,-0.05531859600615672,6.0,221.0,-0.0021462921068943395,0.000831896549678516,-0.0029781886565728556
BB01,binary,2019,1,228,-0.00357785833472904,-1.1365292285445519,0.2557351400884271,-0.061688926370867016,15.0,213.0,-0.0035884417935060364,-1.0583458776991464e-05,-0.003577858334729045
BB01,binary,2020,1,230,0.0006623488658821712,0.28087165964232497,0.7788088383285319,0.007721848357064682,16.0,214.0,0.0010528947615620066,0.0003905458956798347,0.0006623488658821718
BB01,binary,2021,1,180,-0.002402343147527154,-1.5615653166521248,0.11839042544695934,-0.09470473541477947,6.0,174.0,-0.001959851462245976,0.0004424916852811787,-0.002402343147527155
BB01,binary,2018,3,227,0.0072565940615998085,0.4455207811657445,0.6559434452973917,-0.015086889819860925,6.0,221.0,0.009424942985600445,0.0021683489240006456,0.0072565940615998
BB01,binary,2019,3,228,-0.005944761833351383,-0.47069912868616676,0.6378556067165368,-0.009542295800286617,15.0,213.0,-0.004899530651071212,0.0010452311822801755,-0.005944761833351388
BB01,binary,2020,3,230,0.009698522915200321,0.39716471405006887,0.6912460009228468,0.03963882156626537,16.0,214.0,0.011636473719827505,0.0019379508046271855,0.00969852291520032
BB01,binary,2021,3,178,0.00026408443533585383,0.011517855905150958,0.9908102837863414,-0.06724509392014255,6.0,172.0,0.0011130432520829274,0.0008489588167470729,0.00026408443533585454
BB01,binary,2018,5,227,0.024757991442504526,1.7468101773619698,0.08067027061311144,0.08716869673697424,6.0,221.0,0.028202009294198655,0.0034440178516941308,0.024757991442504526
BB01,binary,2019,5,228,0.00611582420924269,0.4184471359746148,0.6756202297806677,0.03427162576159279,15.0,213.0,0.006560779255871626,0.0004449550466289385,0.006115824209242688
BB01,binary,2020,5,230,0.029001887993482547,0.9903775066704393,0.3219896355265308,0.10578932249178614,16.0,214.0,0.0316378844705427,0.0026359964770601473,0.029001887993482554
BB01,binary,2021,5,176,-0.0015217641174855188,-0.07061059785521379,0.9437076755998226,-0.07641991754856467,6.0,170.0,-0.0005760772687612251,0.0009456868487242926,-0.0015217641174855177
BB01,binary,2018,10,227,0.005893610159371398,0.22679181298654166,0.8205856301377854,0.012153327910443523,6.0,221.0,0.011161115416424042,0.005267505257052655,0.005893610159371387
BB01,binary,2019,10,228,0.003227152962331054,0.14898038414436024,0.8815691114003658,0.02486372849370457,15.0,213.0,0.00402478881122974,0.0007976358488986834,0.0032271529623310565
BB01,binary,2020,10,230,0.037491130961371584,1.2815797618778597,0.19999010335990297,0.09858226402519245,16.0,214.0,0.044151760697629196,0.00666062973625761,0.037491130961371584
BB01,binary,2021,10,171,-0.009497047634405276,-0.8828486225744541,0.37731806578251803,-0.04828871014452511,6.0,165.0,-0.007085606770321717,0.0024114408640835564,-0.009497047634405273
BB01,binary,2018,20,227,-0.0005308818567400829,-0.017148659186727738,0.9863180201912092,-0.05573767627893063,6.0,221.0,0.009593021171049746,0.010123903027789812,-0.0005308818567400665
BB01,binary,2019,20,228,0.0008732477560741489,0.06537632964608446,0.9478743699594604,0.020831772521752476,15.0,213.0,-0.0011750103069276597,-0.0020482580630018037,0.000873247756074144
BB01,binary,2020,20,230,0.026071268903266196,0.9421108832567746,0.3461358730719959,0.05199377893756887,16.0,214.0,0.04272472158739151,0.016653452684125308,0.026071268903266203
BB01,binary,2021,20,161,-0.006688439780324132,-0.36815619350080075,0.7127567723653787,-0.013836045746538168,3.0,158.0,-0.0022041077996242477,0.004484331980699883,-0.006688439780324131
BB02,binary,2018,1,227,-0.002266731004201816,-0.3340156197518174,0.738367772056552,-0.02377215586859336,9.0,218.0,-0.0014236827051912328,0.000843048299010583,-0.0022667310042018157
BB02,binary,2019,1,228,-0.0019450002376277266,-1.0869093452020318,0.27707687586187935,-0.0605452584907631,18.0,210.0,-0.002037416462824176,-9.24162251964503e-05,-0.0019450002376277256
BB02,binary,2020,1,230,0.0020405467600882986,0.29011393450041606,0.7717290758293774,0.03491794773608884,3.0,227.0,0.0024505532713066103,0.0004100065112183124,0.0020405467600882977
BB02,binary,2021,1,180,0.0027382634122027493,1.2151878035979085,0.22429447106579636,0.07253347600060991,4.0,176.0,0.0030398266945174113,0.00030156328231465676,0.0027382634122027545
BB02,binary,2018,3,227,-0.010448126502090998,-1.3637464677590765,0.1726473737333214,-0.050300503721951176,9.0,218.0,-0.007673730428802162,0.002774396073288829,-0.010448126502090992
BB02,binary,2019,3,228,0.009992336647902014,0.560944517265056,0.5748353608734461,0.019275633315426623,18.0,210.0,0.009857596395258912,-0.00013474025264310102,0.009992336647902013
BB02,binary,2020,3,230,-0.043063338004731916,-1.2417404706406123,0.21433233283006703,-0.07012447355264124,3.0,227.0,-0.03988901163202907,0.0031743263727028416,-0.04306333800473191
BB02,binary,2021,3,178,0.0018106854960272766,0.34013559960847134,0.7337544136987664,0.02065527045479028,4.0,174.0,0.002627856473605278,0.0008171709775780056,0.0018106854960272722
BB02,binary,2018,5,227,-0.01154107383983698,-0.9412765978515627,0.34656313218442925,-0.06924932361720675,9.0,218.0,-0.006985084123765923,0.004555989716071046,-0.01154107383983697
BB02,binary,2019,5,228,0.021954164293383926,0.9156929576048498,0.3598279597581876,0.06005101148267524,18.0,210.0,0.021068252699037986,-0.0008859115943459307,0.021954164293383916
BB02,binary,2020,5,230,-0.03161999600953902,-1.047145492182303,0.2950324804529383,-0.06204428729966199,3.0,227.0,-0.026554042158894786,0.005065953850644225,-0.03161999600953901
BB02,binary,2021,5,176,0.009267729758246145,0.9426930750068528,0.34583791649485485,0.09680113660709853,4.0,172.0,0.00995090806300511,0.0006831783047589649,0.009267729758246145
BB02,binary,2018,10,227,-0.00032275598657352056,-0.02327320608783182,0.9814323443679966,0.009991195944771124,9.0,218.0,0.005113324005436798,0.005436079992010321,-0.0003227559865735226
BB02,binary,2019,10,228,0.025570816255120962,1.3016729988375508,0.19302819361810142,0.1154066763885158,18.0,210.0,0.024562016147189763,-0.0010088001079311907,0.025570816255120955
BB02,binary,2020,10,230,-0.04109804977857745,-1.336912746324421,0.18125111968672725,-0.07474172284005794,3.0,227.0,-0.03129327984789517,0.009804769930682295,-0.041098049778577464
BB02,binary,2021,10,171,0.009361221611353759,1.3011446164864027,0.19320895835409158,0.09092256873521844,4.0,167.0,0.011220456789754002,0.0018592351784002424,0.009361221611353759
BB02,binary,2018,20,227,0.009207067994457193,0.39142613502089546,0.6954822773041367,0.029629063836217814,9.0,218.0,0.01895190096457935,0.009744832970122172,0.00920706799445718
BB02,binary,2019,20,228,0.012448127551764016,0.9569428776351486,0.3385960876210443,0.08550473239920013,18.0,210.0,0.009474573087048879,-0.002973554464715138,0.012448127551764016
BB02,binary,2020,20,230,0.00580105753044637,0.13759638191315873,0.8905594151449028,-0.00490582736788025,3.0,227.0,0.024192497735706087,0.018391440205259738,0.005801057530446348
BB02,binary,2021,20,161,0.013640389801043883,1.3557099667625325,0.17519146700524135,0.09015350202744851,4.0,157.0,0.017661200796991294,0.004020810995947411,0.013640389801043883
BB03,binary,2018,1,227,-0.00020811545792272443,-0.09186874598402522,0.9268023235130701,-0.0002227870681286897,23.0,204.0,0.0005661490370984585,0.0007742644950211836,-0.00020811545792272517
BB03,binary,2019,1,228,-0.00043025708932691405,-0.2509778661057296,0.8018312218910935,-0.029369447249235636,37.0,191.0,-0.0006064035424716233,-0.0001761464531447103,-0.000430257089326913
BB03,binary,2020,1,230,-0.00457124994508247,-2.204591217991298,0.02748279257371402,-0.119252136752776,29.0,201.0,-0.0035582526134830396,0.0010129973315994272,-0.004571249945082467
BB03,binary,2021,1,180,-0.0026915656294504427,-1.9315902753461334,0.053410097085824886,-0.11651158869997644,9.0,171.0,-0.0021945737676143137,0.0004969918618361291,-0.0026915656294504427
BB03,binary,2018,3,227,0.0018636787825520645,0.12994309264626255,0.8966114502963485,-0.11540370129066127,23.0,204.0,0.004035001065014836,0.0021713222824627653,0.001863678782552071
BB03,binary,2019,3,228,-0.004117326668561805,-0.3316484914377269,0.7401546990655323,-0.015995052809583715,37.0,191.0,-0.002795035577349545,0.0013222910912122636,-0.0041173266685618085
BB03,binary,2020,3,230,-0.0052319057951828694,-0.5303873641816111,0.5958433850477054,-0.10425931228096297,29.0,201.0,-0.001959600057062167,0.0032723057381206996,-0.005231905795182867
BB03,binary,2021,3,178,-0.005938334367145917,-0.599035983582011,0.5491488892174565,-0.06162824847767622,9.0,169.0,-0.004780220966599247,0.0011581134005466706,-0.005938334367145918
BB03,binary,2018,5,227,0.003013910905765898,0.16536197410963438,0.8686590818537879,-0.03831937571813464,23.0,204.0,0.00680695077429885,0.003793039868532947,0.0030139109057659027
BB03,binary,2019,5,228,-0.0043517346772219325,-0.2986153503653556,0.7652335516788087,-0.0033435986099129796,37.0,191.0,-0.002798220217453291,0.001553514459768639,-0.00435173467722193
BB03,binary,2020,5,230,-0.016883464632324673,-1.5495717917017668,0.1212443278163997,-0.1255649049514341,29.0,201.0,-0.010101160841207395,0.00678230379111726,-0.016883464632324655
BB03,binary,2021,5,176,-0.0027797155220643187,-0.33919915935427314,0.7344597025053352,-0.0337619187597312,9.0,167.0,-0.0017437624517851037,0.0010359530702792115,-0.0027797155220643153
BB03,binary,2018,10,227,-0.012299744985774701,-0.7850515482037901,0.43242334589568066,-0.08020334452632832,23.0,204.0,-0.005630231818461934,0.006669513167312772,-0.012299744985774706
BB03,binary,2019,10,228,-0.01172247433581378,-1.0522573436911196,0.292681496617446,-0.07093851104815377,37.0,191.0,-0.008810194430511255,0.002912279905302524,-0.01172247433581378
BB03,binary,2020,10,230,-0.022396279473580614,-1.6892866327038627,0.09116451379227546,-0.10642932634925167,29.0,201.0,-0.010303692345515241,0.01209258712806536,-0.022396279473580603
BB03,binary,2021,10,171,-0.01685562325800472,-2.8042125286894137,0.005043964476764725,-0.11512851707929676,9.0,162.0,-0.013890274069268472,0.0029653491887362514,-0.016855623258004722
BB03,binary,2018,20,227,-0.026468633044744054,-2.0484064924780596,0.04052018590610773,-0.16508521748335908,23.0,204.0,-0.01367691825973542,0.012791714785008637,-0.026468633044744058
BB03,binary,2019,20,228,0.0109012882289947,0.5813234013349889,0.5610225117039854,0.08142114452788095,37.0,191.0,0.007141411972432851,-0.0037598762565618574,0.010901288228994707
BB03,binary,2020,20,230,-0.01615936123082196,-1.492151001534653,0.13565956414812644,-0.13542860526183742,29.0,201.0,0.004345229619155947,0.020504590849977893,-0.016159361230821945
BB03,binary,2021,20,161,0.005637790079695679,0.4838587414946549,0.6284861230657814,0.09525009525014287,6.0,155.0,0.009787388769593416,0.00414959868989773,0.005637790079695686
BB04,binary,2018,1,227,0.0012784445652237635,0.28269786026249716,0.7774084566335191,0.06155338123355364,17.0,210.0,0.0019358799274650947,0.0006574353622413304,0.0012784445652237642
BB04,binary,2019,1,228,0.0004660357792338667,0.29461800610306765,0.7682857055218418,0.0199093730148619,51.0,177.0,0.000115822058343443,-0.0003502137208904255,0.0004660357792338685
BB04,binary,2020,1,230,5.366909626869272e-05,0.021448943062371786,0.9828875316139836,0.0025017473659812318,8.0,222.0,0.0004884246836179412,0.0004347555873492487,5.366909626869251e-05
BB04,binary,2021,1,180,-0.00025156798899314146,-0.1556015946490764,0.8763470679063294,-0.05554530052028879,10.0,170.0,0.00012482159075897226,0.0003763895797521148,-0.00025156798899314255
BB04,binary,2018,3,227,0.01853990647109092,1.4152192054184296,0.1570042352002713,0.08121981424178445,17.0,210.0,0.01951160849800372,0.0009717020269127717,0.01853990647109095
BB04,binary,2019,3,228,0.00849761346624984,0.9173056466282057,0.35898249929126125,0.03286245907272386,51.0,177.0,0.00725095993677997,-0.0012466535294698828,0.008497613466249852
BB04,binary,2020,3,230,-0.0012460500173894842,-0.07456193461083922,0.9405632615597739,0.03788360297057294,8.0,222.0,0.0014099215123782316,0.0026559715297677115,-0.00124605001738948
BB04,binary,2021,3,178,0.004818362795156735,1.11439032177769,0.2651117735055861,0.039051681615986496,8.0,170.0,0.005459667703200222,0.0006413049080434842,0.004818362795156737
BB04,binary,2018,5,227,0.029178805230737494,1.7086878267240255,0.08750879021515098,0.13894207216204638,17.0,210.0,0.03109202246451312,0.0019132172337755797,0.02917880523073754
BB04,binary,2019,5,228,0.019509146848929754,1.4773428664415402,0.1395837528169764,0.0953890843643785,51.0,177.0,0.01599257064048512,-0.0035165762084446487,0.01950914684892977
BB04,binary,2020,5,230,-0.0026167148149629795,-0.1704582920490917,0.8646497324062921,-0.015367876676741854,8.0,222.0,0.002127820472599018,0.004744535287561993,-0.0026167148149629747
BB04,binary,2021,5,176,0.021081081740477552,6.8678305039162995,6.518560374539839e-12,0.24651586305988601,6.0,170.0,0.021256217025862223,0.00017513528538464152,0.02108108174047758
BB04,binary,2018,10,227,0.037676259946026726,2.5112059095154398,0.012031949253379018,0.17597626419053303,17.0,210.0,0.04027797331706079,0.002601713371034036,0.037676259946026754
BB04,binary,2019,10,228,0.00845119173295886,0.7214126227087642,0.47065568264373137,0.05668974083348227,51.0,177.0,0.007570742125954324,-0.000880449607004547,0.008451191732958871
BB04,binary,2020,10,230,-0.019225862668925685,-2.0089722844613154,0.04454007308775533,-0.04360188266424433,8.0,222.0,-0.009288428599044787,0.009937434069880874,-0.01922586266892566
BB04,binary,2021,10,171,0.00569205744553208,1.1592218131638468,0.2463657822650207,0.06309724792217948,6.0,165.0,0.0075705472541792345,0.001878489808647158,0.005692057445532077
BB04,binary,2018,20,227,0.011170121069556024,0.6620303936684341,0.5079517431979161,0.07534542516140384,17.0,210.0,0.02044346308711284,0.009273342017556804,0.011170121069556036
BB04,binary,2019,20,228,0.010705792759024592,0.8666878234848572,0.38611307891068436,0.09586882829244747,51.0,177.0,0.006320268404930069,-0.004385524354094535,0.010705792759024604
BB04,binary,2020,20,230,-0.0017725694243072502,-0.12703601309001045,0.8989118951221902,-0.0167974466001597,8.0,222.0,0.016756191337412477,0.01852876076171973,-0.0017725694243072541
BB04,binary,2021,20,161,0.01275506417854935,3.2905595261598353,0.0009998834415545573,0.1594557150113503,6.0,155.0,0.016639422839918372,0.003884358661369022,0.012755064178549349
BB05,binary,2018,1,227,-3.51467689154087e-05,-0.023761719486023476,0.9810426748460755,0.018351513381021978,88.0,139.0,0.0007316563169971114,0.0007668030859125194,-3.514676891540802e-05
BB05,binary,2019,1,228,-0.0020863489959452807,-1.4376253079163799,0.1505403961758588,-0.12222529320979376,98.0,130.0,-0.001435553829363931,0.0006507951665813502,-0.002086348995945281
BB05,binary,2020,1,230,0.0006735744022006485,0.4684308438774887,0.6394765152206716,-0.005962704930882132,111.0,119.0,0.0007851238770537126,0.0001115494748530642,0.0006735744022006485
BB05,binary,2021,1,180,-5.427211616862047e-05,-0.06697214272561423,0.9466038802793787,-0.0011927851631464616,105.0,75.0,0.0003398001986266814,0.00039407231479530254,-5.427211616862112e-05
BB05,binary,2018,3,227,0.003453982027836841,0.5673374822064239,0.5704849159963434,0.0711983526662206,88.0,139.0,0.004475146572630251,0.0010211645447934048,0.003453982027836846
BB05,binary,2019,3,228,-0.014836031117412291,-2.053486014260811,0.04002546477802789,-0.18926075137992293,98.0,130.0,-0.007805012119315745,0.007031018998096555,-0.0148360311174123
BB05,binary,2020,3,230,0.010555162918814578,1.5105221123706771,0.13091025141323684,0.11289824830670234,111.0,119.0,0.00807378016976692,-0.0024813827490476497,0.01055516291881457
BB05,binary,2021,3,178,-0.0028271291132721844,-0.8490056833434926,0.3958781298341213,-0.041234934468485335,105.0,73.0,-0.00030158005211165914,0.0025255490611605248,-0.002827129113272184
BB05,binary,2018,5,227,0.005487481370476438,0.6188727553388963,0.5360001879040814,0.03380541938609312,88.0,139.0,0.007458589918439737,0.001971108547963294,0.005487481370476444
BB05,binary,2019,5,228,-0.016348982069121734,-1.689773173217627,0.09107135800783121,-0.14187825885806454,98.0,130.0,-0.008474476119367491,0.007874505949754248,-0.01634898206912174
BB05,binary,2020,5,230,0.00861883125687268,0.8292928961842719,0.4069386896568793,0.08590226554270852,111.0,119.0,0.009112827466032184,0.0004939962091595145,0.00861883125687267
BB05,binary,2021,5,176,-0.0029180047273124144,-0.663233117394909,0.507181264330234,-0.08126820656296037,105.0,71.0,-0.00028334110777624447,0.00263466361953617,-0.0029180047273124144
BB05,binary,2018,10,227,-0.0022558439732656282,-0.16540635330793654,0.8686241533389589,0.010072635164019583,88.0,139.0,0.00404195172697471,0.0062977957002403355,-0.0022558439732656256
BB05,binary,2019,10,228,-0.005459913420122803,-0.45156338783198596,0.6515835505464092,-0.070804520075277,98.0,130.0,-0.0021031599852285063,0.003356753434894302,-0.005459913420122808
BB05,binary,2020,10,230,0.017572076149830706,1.4362244603866041,0.1509384809105728,0.15876520931348795,111.0,119.0,0.01836034781109152,0.0007882716612608179,0.017572076149830702
BB05,binary,2021,10,171,-0.001836876108646767,-0.3227172658159779,0.7469093749902429,-0.07008544082715171,105.0,66.0,0.0013692413963811098,0.003206117505027878,-0.0018368761086467683
BB05,binary,2018,20,227,-0.009392175005884617,-0.5157036609656918,0.6060613973128481,-0.04663768062244684,88.0,139.0,0.0043587152878849615,0.013750890293769573,-0.009392175005884611
BB05,binary,2019,20,228,-0.00821615098878568,-0.5344795910183313,0.5930097659603323,-0.12559052705367574,98.0,130.0,-0.006675455046339641,0.001540695942446043,-0.008216150988785684
BB05,binary,2020,20,230,0.004636714501032317,0.3892225988791997,0.6971114874548475,0.07607363104125445,111.0,119.0,0.02086610193662576,0.016229387435593445,0.0046367145010323164
BB05,binary,2021,20,161,-0.008428418830676786,-1.4561468474401582,0.14535202935691183,-0.24516610769896122,101.0,60.0,0.0012186770168391375,0.00964709584751593,-0.008428418830676793
BB06,continuous,2018,1,227,0.00017861830577548093,0.1240256519926953,0.9012949645163648,-0.02764500837350892,,,,,
BB06,continuous,2019,1,228,-0.0003532784519849237,-0.33560528495604747,0.7371685381220223,-0.007673561295848745,,,,,
BB06,continuous,2020,1,230,-0.0017317662210575534,-1.5093547280490802,0.13120815580621886,-0.07286880577178659,,,,,
BB06,continuous,2021,1,180,-0.001355734543750407,-2.0701889158317335,0.03843465683961238,-0.14211557049888734,,,,,
BB06,continuous,2018,3,227,0.004310561623008979,0.8528098787110672,0.39376474477190493,0.014440748407274821,,,,,
BB06,continuous,2019,3,228,-0.004838672268756755,-0.8867856127582794,0.3751943349685377,-0.0259234547326707,,,,,
BB06,continuous,2020,3,230,-0.001120596285235761,-0.1592481629098524,0.8734733594705102,-0.07382748256110701,,,,,
BB06,continuous,2021,3,178,0.0009911563326561157,0.2847564224973694,0.7758307603502153,-0.08121575204923652,,,,,
BB06,continuous,2018,5,227,0.0062620858803285615,0.9014282809132597,0.36736065030423193,0.06194755783039727,,,,,
BB06,continuous,2019,5,228,-0.011257682298081245,-1.371725983030278,0.17014875659822437,-0.09490349577847819,,,,,
BB06,continuous,2020,5,230,9.802808499895693e-06,0.0010550695972385853,0.9991581764139732,-0.051115127515355345,,,,,
BB06,continuous,2021,5,176,-0.00243677803019458,-0.5593854287667122,0.5758987036766443,-0.15624045577839468,,,,,
BB06,continuous,2018,10,227,-0.002770046466050526,-0.3550372827706212,0.7225616606892207,-0.020152196260248008,,,,,
BB06,continuous,2019,10,228,-0.004411548466451605,-0.420718123161023,0.6739609256773287,-0.02392887553319557,,,,,
BB06,continuous,2020,10,230,-0.0019212149165044243,-0.1792564920628053,0.8577363077514937,-0.07240327547903018,,,,,
BB06,continuous,2021,10,171,-0.0020071472379356897,-0.5075824462995698,0.6117462035525961,-0.058693965664664643,,,,,
BB06,continuous,2018,20,227,-0.006043025581584264,-0.6342511820489046,0.525916910230247,-0.1482349545167996,,,,,
BB06,continuous,2019,20,228,-0.0003323650709497795,-0.033655789737366264,0.9731516336611938,0.008473417929140803,,,,,
BB06,continuous,2020,20,230,-0.00506257284817721,-0.5332229019436477,0.593879289883002,-0.11621342394078296,,,,,
BB06,continuous,2021,20,161,-0.00236660441387759,-0.7009392787088946,0.4833409103863584,-0.07455003058866559,,,,,
BB07,continuous,2018,1,227,0.01196609487798174,0.06601861452619573,0.9473630055351843,-0.03158693119970325,,,,,
BB07,continuous,2019,1,228,0.17600075040084828,1.0609026198395144,0.2887341585587395,0.12125840391981643,,,,,
BB07,continuous,2020,1,230,0.25539680401312626,1.7358522117470094,0.0825899694071045,0.11847169126669047,,,,,
BB07,continuous,2021,1,180,-0.010704633483106962,-0.029287337348809072,0.9766354259033856,-0.0009558124511167083,,,,,
BB07,continuous,2018,3,227,-0.6081787448807117,-0.7223930578959482,0.47005285380047446,-0.10052425174749491,,,,,
BB07,continuous,2019,3,228,1.0802700552779345,1.163733461557744,0.24453204450318788,0.09307950743888216,,,,,
BB07,continuous,2020,3,230,0.18962329223937335,0.2787482940483654,0.7804379975013351,0.06713436934210103,,,,,
BB07,continuous,2021,3,178,-0.40967586274266565,-0.3740781326960309,0.7083461871831874,-0.09588714630776055,,,,,
BB07,continuous,2018,5,227,-1.1815637107147778,-0.9738414497823471,0.33013526882675803,-0.13467100993077108,,,,,
BB07,continuous,2019,5,228,1.6409571233140987,1.2592909985225746,0.20792524334122475,0.11547459973580419,,,,,
BB07,continuous,2020,5,230,0.4798778185866556,0.42956511190536173,0.6675120201910762,0.07676261377064333,,,,,
BB07,continuous,2021,5,176,-1.0304375243315362,-0.710309863132422,0.47751200481634826,-0.06463503155362131,,,,,
BB07,continuous,2018,10,227,-1.283682492983938,-0.8674238120362685,0.38570983955930693,-0.12478874399659295,,,,,
BB07,continuous,2019,10,228,1.4589461756741149,1.0539608505788975,0.29190084142632455,0.13497146192738965,,,,,
BB07,continuous,2020,10,230,0.999186133195157,0.7013471834094542,0.4830863746360977,0.05726941331113602,,,,,
BB07,continuous,2021,10,171,-1.2799223699277165,-0.6438486371679352,0.5196735910876963,-0.07196523782494138,,,,,
BB07,continuous,2018,20,227,-2.8138896015583352,-1.5415130046802024,0.12319198032270091,-0.19740113478693297,,,,,
BB07,continuous,2019,20,228,1.3115722919657036,0.7028776608139881,0.4821319939193007,0.16839906578511507,,,,,
BB07,continuous,2020,20,230,0.9400246130582521,0.9781323832562958,0.3280088533600488,0.07681291498615815,,,,,
BB07,continuous,2021,20,161,-0.3624821591582462,-0.1909079717187881,0.8485976945143185,0.049342918783880946,,,,,
VB01,binary,2018,1,227,0.00081892141464763,0.5770889563439384,0.5638793642736545,0.055790082805001015,74.0,153.0,0.001305138155412657,0.00048621674076502856,0.0008189214146476285
VB01,binary,2019,1,228,0.0004990221387830027,0.33889937942077547,0.73468553196044,-0.020878298598174735,85.0,143.0,6.701430799947287e-05,-0.00043200783078353093,0.0004990221387830038
VB01,binary,2020,1,230,-0.0021069095451005516,-1.5399950917561105,0.1235615498374983,-0.12401745260500324,80.0,150.0,-0.0009374491039330704,0.0011694604411674825,-0.002106909545100553
VB01,binary,2021,1,180,-0.0008594599311313401,-1.1857696584442634,0.2357132768641499,-0.09404481048311408,79.0,101.0,-0.00011983893654897841,0.0007396209945823618,-0.0008594599311313401
VB01,binary,2018,3,227,-0.006173292147316314,-1.0004171018967087,0.3171086970632361,-0.09121463409763661,74.0,153.0,-0.001800700125205504,0.004372592022110802,-0.006173292147316305
VB01,binary,2019,3,228,0.008921135117423035,1.3076835382904441,0.19098066909076228,0.045959819026345036,85.0,143.0,0.006249401771276776,-0.0026717333461462713,0.008921135117423047
VB01,binary,2020,3,230,-0.006934759087964716,-1.1529543666729134,0.24892911529321893,-0.06269618446550053,80.0,150.0,-0.0019100383108141313,0.0050247207771505886,-0.00693475908796472
VB01,binary,2021,3,178,0.000741413015191255,0.25690480451821013,0.7972522615669102,-0.07646446386575624,78.0,100.0,0.0012743847051242669,0.0005329716899330128,0.0007414130151912541
VB01,binary,2018,5,227,0.0005800765915732167,0.0934667520948512,0.9255327620230535,-0.005019673260090066,74.0,153.0,0.004489390834803072,0.003909314243229853,0.0005800765915732198
VB01,binary,2019,5,228,0.006013416214553259,0.8972192183881266,0.3696019520815278,0.0580871475850208,85.0,143.0,0.004618884352855944,-0.0013945318616973219,0.006013416214553266
VB01,binary,2020,5,230,-0.011488085381637784,-1.6167190113997278,0.10593894824499522,-0.06462106732189747,80.0,150.0,-0.0028387104766352824,0.008649374905002517,-0.0114880853816378
VB01,binary,2021,5,176,-0.0004734336294426643,-0.15556245783177328,0.8763779189137973,-0.06163690403759647,76.0,100.0,0.0006248121461721352,0.0010982457756148012,-0.00047343362944266595
VB01,binary,2018,10,227,0.005615145527423612,0.9300041515923316,0.3523689349616802,0.030978554976555835,74.0,153.0,0.009207941057281907,0.0035927955298583,0.005615145527423608
VB01,binary,2019,10,228,0.00477738002643743,0.7260833852035826,0.4677876538528217,0.0400339652988103,85.0,143.0,0.004006287770896573,-0.0007710922555408604,0.004777380026437433
VB01,binary,2020,10,230,-0.0025652915100522304,-0.27423807194533883,0.7839016720143698,-0.03574782447594328,80.0,150.0,0.0075956922096233085,0.010160983719675538,-0.0025652915100522295
VB01,binary,2021,10,171,-0.004380638452120774,-1.48973259549603,0.1362945604420302,-0.12935924643726465,74.0,97.0,-0.00040671244388221304,0.003973926008238559,-0.004380638452120772
VB01,binary,2018,20,227,-0.01570423235900014,-2.378513267040522,0.017382611394329364,-0.14686129766663505,74.0,153.0,-0.0004749200650183799,0.015229312293981747,-0.015704232359000127
VB01,binary,2019,20,228,-0.002061300040436208,-0.22199568978054143,0.8243172386808875,-0.026252910118496946,85.0,143.0,-0.003283640472831917,-0.0012223404323957099,-0.0020613000404362068
VB01,binary,2020,20,230,-0.003849520550288496,-0.49897225878708346,0.6177989273831443,-0.018011403870571426,80.0,150.0,0.015956549292425237,0.019806069842713735,-0.0038495205502884974
VB01,binary,2021,20,161,-0.001212983784303958,-0.3814380016335192,0.7028782673429057,-0.08306452181503593,68.0,93.0,0.0036590350162201283,0.004872018800524086,-0.0012129837843039577
VB02,binary,2018,1,227,0.0008828418637164812,0.5389686966559262,0.5899084542996524,0.04897016767248728,126.0,101.0,0.001145984198559253,0.00026314233484277347,0.0008828418637164796
VB02,binary,2019,1,228,0.0003222490567253149,0.22810476912208127,0.8195647926022469,-0.010287689083787672,106.0,122.0,-7.353736272632155e-05,-0.0003957864194516364,0.00032224905672531486
VB02,binary,2020,1,230,0.0004205814504341565,0.29038071936613463,0.7715249922778138,0.02407775768312346,126.0,104.0,0.000626798298720126,0.00020621684828596977,0.0004205814504341563
VB02,binary,2021,1,180,-0.0009138867983032122,-1.148279192974559,0.2508533258285912,-0.10179891991643278,96.0,84.0,-6.406692551122588e-05,0.0008498198727919872,-0.0009138867983032131
VB02,binary,2018,3,227,0.006879634432056346,1.1343666926952531,0.2566407643380103,0.06669141619485146,126.0,101.0,0.005421135893195759,-0.0014584985388605975,0.006879634432056357
VB02,binary,2019,3,228,-0.009179004955465135,-1.3291814602259115,0.18378811014369079,-0.05036959460503834,106.0,122.0,-0.0042574443969611315,0.00492156055850401,-0.009179004955465142
VB02,binary,2020,3,230,0.007092247435024499,0.9945928021782474,0.31993434966631207,0.034735125837948605,126.0,104.0,0.005819559934565245,-0.0012726875004592604,0.0070922474350245054
VB02,binary,2021,3,178,0.001954057649477436,0.585578604936801,0.5581587294313112,0.011186780268919987,96.0,82.0,0.0017580444002817074,-0.00019601324919572938,0.0019540576494774366
VB02,binary,2018,5,227,0.0010093790865948076,0.1337889741178957,0.893569446187654,0.0006763835313879459,126.0,101.0,0.004547521095751855,0.0035381420091570403,0.0010093790865948146
VB02,binary,2019,5,228,-0.015426591092572514,-1.7192805695026598,0.08556329624482487,-0.07949577928381382,106.0,122.0,-0.0074072675417710876,0.008019323550801422,-0.015426591092572509
VB02,binary,2020,5,230,-0.0003256081792313651,-0.03439108584709671,0.9725652917320988,-0.013946679313721788,126.0,104.0,0.004506287595563012,0.004831895774794376,-0.0003256081792313639
VB02,binary,2021,5,176,-0.002402966523085702,-0.5826646205531383,0.5601190945358416,-0.08467314786477532,96.0,80.0,-0.0001984489839562155,0.0022045175391294885,-0.002402966523085704
VB02,binary,2018,10,227,-0.0008040028483796044,-0.09674617582783866,0.9229279687889399,-0.01975039911652802,126.0,101.0,0.005065555359563178,0.005869558207942778,-0.0008040028483795999
VB02,binary,2019,10,228,-0.007785043891731109,-0.62258397121541,0.5335579470600589,-0.05183926447415087,106.0,122.0,-0.0031557328368742536,0.0046293110548568574,-0.007785043891731111
VB02,binary,2020,10,230,-0.019096169121987378,-1.5697491987730792,0.11647347043085804,-0.1605183845541564,126.0,104.0,0.000633918895802201,0.0197300880177896,-0.0190961691219874
VB02,binary,2021,10,171,0.005807766848740515,1.469705645733509,0.14164149300091133,0.09812451259823012,96.0,75.0,0.004625477284253773,-0.0011822895644867425,0.005807766848740515
VB02,binary,2018,20,227,-0.011796467084222459,-1.3783703958470346,0.16808895874629382,-0.13054202155787356,126.0,101.0,0.004861222557979648,0.016657689642202097,-0.01179646708422245
VB02,binary,2019,20,228,-0.0005911026739139624,-0.05335842897098263,0.9574463268755673,0.014563092339387742,106.0,122.0,-0.0023070993343894835,-0.0017159966604755241,-0.0005911026739139594
VB02,binary,2020,20,230,-0.006387403791887051,-0.8486892415097554,0.396054234248737,-0.09512687871529106,126.0,104.0,0.015578888806281851,0.021966292598168905,-0.006387403791887054
VB02,binary,2021,20,161,0.002064466029414312,0.5612438274985738,0.5746313290629612,-0.0035046670104475586,91.0,70.0,0.005257296593855345,0.0031928305644410323,0.0020644660294143126
VB03,binary,2018,1,227,0.0027862980496300657,0.8102348614360079,0.41780520483950845,0.058698608366582916,8.0,219.0,0.0034412804304254224,0.0006549823807953545,0.002786298049630068
VB03,binary,2019,1,228,0.00510924250000393,0.6808926965694762,0.4959393897029106,0.014212287353730915,4.0,224.0,0.004773637791135044,-0.0003356047088688835,0.005109242500003927
VB03,binary,2020,1,230,0.007518379365064963,2.191014849867185,0.028450717857271785,0.11020602989853419,4.0,226.0,0.007824247279848512,0.00030586791478355173,0.00751837936506496
VB03,binary,2018,3,227,0.04349644829545227,2.0179208117435707,0.04359950919238608,0.13890788687992603,8.0,219.0,0.044323686990404385,0.0008272386949521015,0.04349644829545228
VB03,binary,2019,3,228,-0.015665892584496594,-0.5290459301960906,0.5967735883710141,-0.02740941132505248,4.0,224.0,-0.014736923933629936,0.000928968650866647,-0.015665892584496584
VB03,binary,2020,3,230,0.001411877457054051,0.14482882417724138,0.8848460237514035,0.006512174494004292,4.0,226.0,0.003999953726094241,0.0025880762690401807,0.0014118774570540601
VB03,binary,2018,5,227,0.04658257629340376,2.938039964365063,0.00330294443614872,0.17682500035896095,8.0,219.0,0.04903931369711463,0.0024567374037108573,0.046582576293403774
VB03,binary,2019,5,228,0.00806356013615741,0.8831217523345007,0.37717049259787183,0.04111411698757872,4.0,224.0,0.008769406071356567,0.0007058459351991607,0.008063560136157406
VB03,binary,2020,5,230,0.002911898772527278,0.22108317076541156,0.8250276738372084,0.007013110993543083,4.0,226.0,0.0075147761748292075,0.004602877402301938,0.002911898772527269
VB03,binary,2018,10,227,0.03811532043993193,2.017361557343637,0.04365779596486687,0.121407680658833,8.0,219.0,0.042195332734151006,0.0040800122942190545,0.03811532043993195
VB03,binary,2019,10,228,-0.0261269804010922,-0.834407628521795,0.4040513199513104,-0.0436520254436021,4.0,224.0,-0.024658663780091156,0.001468316621001028,-0.026126980401092185
VB03,binary,2020,10,230,-0.04043402521652872,-1.803731973780517,0.07127333458009372,-0.09317418891421526,4.0,226.0,-0.030462116366149067,0.009971908850379612,-0.04043402521652868
VB03,binary,2018,20,227,-0.0040586321501411724,-0.21829556700044725,0.8271988282010085,-0.03755252584942883,8.0,219.0,0.006194274252365309,0.010252906402506503,-0.004058632150141194
VB03,binary,2019,20,228,-0.0038966671525100093,-0.14107752029879791,0.8878087022245089,0.02385633948661975,4.0,224.0,-0.0058191121236207954,-0.001922444971110786,-0.0038966671525100093
VB03,binary,2020,20,230,-0.005082222439006957,-0.3295494929593893,0.741740391141336,-0.01452715848662496,4.0,226.0,0.01347327021124134,0.01855549265024829,-0.00508222243900695
VB04,binary,2018,1,227,-0.002328280984135859,-1.5218354098635578,0.12805032653246598,-0.06037038394875334,95.0,132.0,-0.0006007123571292849,0.0017275686270065763,-0.002328280984135861
VB04,binary,2019,1,228,0.0031160165879885217,2.100415677854318,0.035692291068104134,0.12304702801720487,78.0,150.0,0.0018040420376148614,-0.0013119745503736594,0.003116016587988521
VB04,binary,2020,1,230,0.0006888857483341625,0.46993949779617705,0.6383982440185518,0.06340689012052915,130.0,100.0,0.000736137881277796,4.725213294363262e-05,0.0006888857483341634
VB04,binary,2021,1,180,0.0005948165911257306,0.8184595345520249,0.41309483902967314,0.04823310625295325,73.0,107.0,0.0007159989984216802,0.00012118240729594936,0.0005948165911257308
VB04,binary,2018,3,227,-0.0003223774374515935,-0.052565829909883156,0.958077843093995,0.0034069065433833716,95.0,132.0,0.0021726914025292335,0.002495068839980819,-0.00032237743745158537
VB04,binary,2019,3,228,0.01294470564843857,1.63614580906829,0.10180907480599083,0.10141547286349534,78.0,150.0,0.009170382146164007,-0.003774323502274556,0.012944705648438564
VB04,binary,2020,3,230,0.00531180457585885,0.9911005499707323,0.3216364844847013,0.10316829413361098,130.0,100.0,0.004922110909971059,-0.0003896936658877992,0.005311804575858858
VB04,binary,2021,3,178,0.0029675505224406725,1.084787999798519,0.2780155616523955,0.04545845875366712,73.0,105.0,0.0026083819148835113,-0.000359168607557164,0.002967550522440675
VB04,binary,2018,5,227,-0.0008973656061969065,-0.11306484562779098,0.9099791453550634,0.0020441439260300226,95.0,132.0,0.003576597977848474,0.004473963584045377,-0.0008973656061969032
VB04,binary,2019,5,228,0.014489934535830742,1.5711260211514495,0.11615337949869309,0.083716927737733,78.0,150.0,0.010380163570809862,-0.0041097709650208735,0.014489934535830737
VB04,binary,2020,5,230,0.00173824862137894,0.23708858098167135,0.8125880709068379,0.023117095356442924,130.0,100.0,0.00540927939024978,0.0036710307688708334,0.0017382486213789465
VB04,binary,2021,5,176,0.001990893194393867,0.5395765315861457,0.5894891048802036,0.026217236231617997,73.0,103.0,0.0020589335209836987,6.804032658982913e-05,0.0019908931943938696
VB04,binary,2018,10,227,-0.006870402285821391,-0.8839331067240473,0.37673232423829306,-0.05655464862016397,95.0,132.0,0.0014281597029901212,0.008298561988811511,-0.00687040228582139
VB04,binary,2019,10,228,0.010927029205173206,1.0734631561284527,0.2830633610590453,0.07177743301003617,78.0,150.0,0.008198783547192307,-0.0027282456579808953,0.010927029205173203
VB04,binary,2020,10,230,-0.0007901616451920042,-0.07345450476620155,0.9414444461631674,0.009246838142577167,130.0,100.0,0.008925159870443457,0.009715321515635459,-0.0007901616451920015
VB04,binary,2021,10,171,-0.0015887942036759586,-0.46533236552592844,0.6416934605149579,-0.03445309720452552,70.0,101.0,0.0011398005109975716,0.0027285947146735295,-0.001588794203675958
VB04,binary,2018,20,227,-0.01854746164254921,-1.9923772153326516,0.04632968535415246,-0.16271385651198983,95.0,132.0,-0.0006754371834742245,0.01787202445907499,-0.018547461642549213
VB04,binary,2019,20,228,0.004093812469706447,0.4736301065045683,0.6357637025201475,0.029918969141169673,78.0,150.0,0.0007024901247046825,-0.003391322345001763,0.004093812469706445
VB04,binary,2020,20,230,0.009943133495045118,1.7615042100245264,0.07815310106970542,0.15600736923405192,130.0,100.0,0.022790207692633013,0.012847074197587875,0.009943133495045138
VB04,binary,2021,20,161,0.001364168987148793,0.40067824299862587,0.6886570312866931,-0.013619176051262779,65.0,96.0,0.005173120200732874,0.0038089512135840824,0.0013641689871487913
VB05,continuous,2018,1,227,0.0024227799265822366,1.818947402285515,0.06891945497417121,0.08250199763329091,,,,,
VB05,continuous,2019,1,228,-0.000288260538172652,-0.11669648334519578,0.9071005771201085,-0.0333277056486356,,,,,
VB05,continuous,2020,1,230,-0.0008662060298161174,-0.7208476259258503,0.47100326942011583,-0.10008556091715384,,,,,
VB05,continuous,2021,1,180,0.001402257026829777,0.9246224265109185,0.35516234330909846,-0.03155140156147292,,,,,
VB05,continuous,2018,3,227,0.007710005642776694,1.1300640475463568,0.258449237671351,-0.0003150223663066418,,,,,
VB05,continuous,2019,3,228,-0.0006118416541210231,-0.0779656820447752,0.9378553516283438,0.008631366487061962,,,,,
VB05,continuous,2020,3,230,-0.006613761850474316,-1.130912038309837,0.2580921159100519,-0.12048111372204783,,,,,
VB05,continuous,2021,3,178,0.0018443021959296038,0.48009881910491004,0.6311571278865553,0.023634776475022455,,,,,
VB05,continuous,2018,5,227,0.01642552042605304,2.822306315996053,0.004767961240602339,0.09019182699192926,,,,,
VB05,continuous,2019,5,228,0.003095534241576027,0.4523758669384056,0.6509982294659644,0.031146830174954496,,,,,
VB05,continuous,2020,5,230,-0.006855627410044135,-1.2131816287920423,0.2250603863515379,-0.08456032291232594,,,,,
VB05,continuous,2021,5,176,-0.003037576608555973,-0.8955991356706259,0.37046689750150474,-0.053257788497580436,,,,,
VB05,continuous,2018,10,227,0.014797755538172022,2.1813378816748568,0.02915843448514736,0.12364063505218205,,,,,
VB05,continuous,2019,10,228,-0.01264778274161182,-1.6585320775518269,0.0972101184896143,-0.05244074035356372,,,,,
VB05,continuous,2020,10,230,-0.002690894231117084,-0.2770614243519656,0.7817329416209078,-0.04396647590116357,,,,,
VB05,continuous,2021,10,171,-0.0017329606546627966,-0.2225209438735501,0.8239083710802066,-0.062321538820623947,,,,,
VB05,continuous,2018,20,227,0.0042860188898464135,0.44095142813487065,0.6592481610099477,-0.008426591765831083,,,,,
VB05,continuous,2019,20,228,-0.0016927129607350465,-0.20612107133855198,0.8366963396199396,-0.044629986480902196,,,,,
VB05,continuous,2020,20,230,0.0011643769491300738,0.1962937771659015,0.8443802317501228,-0.04507605551843258,,,,,
VB05,continuous,2021,20,161,-0.0008278278289196588,-0.08288902957431807,0.9339397771538405,-0.04329713257501448,,,,,
