signal,horizon,years_present,positive_years,negative_years,sign_consistency,mean_yearly_coef,median_yearly_coef,mean_abs_yearly_t,max_abs_yearly_t,abs_median_coef
BB03,10,4,0,4,1.0,-0.015818530513293454,-0.01457768412188971,1.5827020133220464,2.8042125286894137,0.01457768412188971
VB03,5,3,3,0,1.0,0.019186011734029482,0.00806356013615741,1.3474149624883252,2.938039964365063,0.00806356013615741
VB03,1,3,3,0,1.0,0.005137973304899653,0.00510924250000393,1.227380802624223,2.191014849867185,0.00510924250000393
BB03,1,4,0,4,1.0,-0.0019752970304456378,-0.0015609113593886784,1.1197570263567966,2.204591217991298,0.0015609113593886784
PB07,20,4,0,4,1.0,-0.2047831677246173,-0.20129048648014813,1.0124417748118637,1.2589897834869623,0.20129048648014813
PB07,10,4,0,4,1.0,-0.22210535637655066,-0.2007224839904481,1.004362426173607,1.0904884342242767,0.2007224839904481
VB01,20,4,0,4,1.0,-0.0057070091835072015,-0.002955410295362352,0.8702298043104165,2.378513267040522,0.002955410295362352
PB01,5,4,0,4,1.0,-0.007295803078537869,-0.006033377635924075,0.8637918131096942,1.3213516884659782,0.006033377635924075
PB08,20,4,0,4,1.0,-0.35162014546103465,-0.3661636582235773,0.805349965503588,1.0948959246950234,0.3661636582235773
PB07,5,4,0,4,1.0,-0.12916705088475317,-0.13390063118394918,0.7432094565374554,1.2727126618080702,0.13390063118394918
BB02,20,4,4,0,1.0,0.010274160719427865,0.010827597773110605,0.7104188403329339,1.3557099667625325,0.010827597773110605
PB01,3,4,0,4,1.0,-0.005030864212740995,-0.0018686595155833368,0.7073781445160283,1.7529643652329752,0.0018686595155833368
PB08,5,4,0,4,1.0,-0.16432405645157314,-0.18676600549058217,0.5381765995641373,0.9569514414434414,0.18676600549058217
BB06,20,4,0,4,1.0,-0.0034511419786472106,-0.0037145886310274,0.4755172881097033,0.7009392787088946,0.0037145886310274
BB06,10,4,0,4,1.0,-0.002777489271735561,-0.002388596851993108,0.3656485860735048,0.5075824462995698,0.002388596851993108
PB08,3,4,0,4,1.0,-0.07548364706373974,-0.07279357204862133,0.2984268958385108,0.43107501521870933,0.07279357204862133
VB03,20,3,0,3,1.0,-0.004345840580552713,-0.0040586321501411724,0.2296408600862115,0.3295494929593893,0.0040586321501411724
BB04,5,4,3,1,0.75,0.016788079751295457,0.020295114294703653,2.556079872282739,6.8678305039162995,0.020295114294703653
BB04,10,4,3,1,0.75,0.008148411613897996,0.0070716245892454704,1.6002031574623417,2.5112059095154398,0.0070716245892454704
PB04,20,4,1,3,0.75,-0.007696822874096921,-0.011733331522138768,1.2840804015847906,1.8117341476720907,0.011733331522138768
BB04,20,4,3,1,0.75,0.00821460214570568,0.010937956914290309,1.2365784391007844,3.2905595261598353,0.010937956914290309
VB04,1,4,3,1,0.75,0.000517859485828139,0.0006418511697299466,1.2276625300165194,2.100415677854318,0.0006418511697299466
PB01,20,4,1,3,0.75,-0.00747380384444245,-0.012899724298128652,1.1933499431058108,1.6610480205703098,0.012899724298128652
VB04,20,4,3,1,0.75,-0.0007865866726622132,0.00272899072842762,1.157047443715093,1.9923772153326516,0.00272899072842762
PB01,1,4,1,3,0.75,-0.0011893025633608178,-0.0010597902179863596,1.1235784387594583,1.8645955810651946,0.0010597902179863596
VB05,10,4,1,3,0.75,-0.0005684705223049198,-0.0022119274428899403,1.0848630818630498,2.1813378816748568,0.0022119274428899403
BB01,1,4,1,3,0.75,-0.0020740103182367194,-0.0026902659020500044,1.029323225409323,1.5615653166521248,0.0026902659020500044
PB03,1,4,1,3,0.75,-0.0011051426421023573,-0.0008682893646003676,1.0188709266795652,2.036365514298123,0.0008682893646003676
VB02,3,4,3,1,0.75,0.0016867336402732868,0.004416846040766891,1.0109298900090533,1.3291814602259115,0.004416846040766891
BB06,1,4,1,3,0.75,-0.0008155402277543508,-0.0008545064978676654,1.009793645207389,2.0701889158317335,0.0008545064978676654
VB04,3,4,3,1,0.75,0.005225420827321625,0.004139677549149762,0.9411500471868561,1.63614580906829,0.004139677549149762
VB02,10,4,1,3,0.75,-0.005469362253339395,-0.004294523370055357,0.9396962478874591,1.5697491987730792,0.004294523370055357
PB04,1,4,1,3,0.75,-0.0010299553328341562,-0.0012592542555715622,0.9285149129125472,2.1318211536180067,0.0012592542555715622
PB04,5,4,1,3,0.75,-0.004943757808308943,-0.0054800142575046305,0.8997576699464898,1.2250596977560724,0.0054800142575046305
BB04,3,4,3,1,0.75,0.007652458178777004,0.006657988130703288,0.8803692771087911,1.4152192054184296,0.006657988130703288
PB05,3,4,3,1,0.75,0.0026696689518511023,0.0020824946421249945,0.8788580652176712,1.7985392077723585,0.0020824946421249945
PB07,1,4,1,3,0.75,-0.02340823266198894,-0.030822308729669005,0.8508257937431865,1.194501335779527,0.030822308729669005
BB01,5,4,3,1,0.75,0.014588484881936061,0.015436907825873609,0.8065613544655594,1.7468101773619698,0.015436907825873609
PB08,1,4,1,3,0.75,-0.029971530162766935,-0.03954294219217044,0.7978277582405684,1.4205691399037594,0.03954294219217044
PB06,1,4,3,1,0.75,-1.6171163322024895e-05,0.0005149579796758952,0.7793337497970794,1.9624727023024353,0.0005149579796758952
PB01,10,4,1,3,0.75,-0.0056938735741489796,-0.00796534082926702,0.7472733384415305,1.2782123694456198,0.00796534082926702
BB05,20,4,1,3,0.75,-0.0053500075810786925,-0.008322284909731234,0.7238881745758452,1.4561468474401582,0.008322284909731234
BB07,1,4,3,1,0.75,0.10816475395221233,0.093983422639415,0.7230151958653822,1.7358522117470094,0.093983422639415
PB05,5,4,1,3,0.75,-0.0016837548001452955,-0.002354031962912231,0.7166887834642028,0.9238959769390529,0.002354031962912231
VB02,20,4,1,3,0.75,-0.00417762688015229,-0.003489253232900507,0.7104154734565866,1.3783703958470346,0.003489253232900507
PB03,5,4,1,3,0.75,-0.002108302011956751,-0.0028323133155675386,0.6903173955898565,1.0075964712252403,0.0028323133155675386
BB01,10,4,3,1,0.75,0.00927871161216719,0.004560381560851225,0.635050145395804,1.2815797618778597,0.004560381560851225
VB04,10,4,1,3,0.75,0.00041941776762096305,-0.0011894779244339814,0.6240457832861575,1.0734631561284527,0.0011894779244339814
VB02,5,4,1,3,0.75,-0.004286446677073693,-0.0013642873511585335,0.6175313125051975,1.7192805695026598,0.0013642873511585335
VB04,5,4,3,1,0.75,0.004330427686351661,0.0018645709078864035,0.6152139948367644,1.5711260211514495,0.0018645709078864035
BB05,10,4,1,3,0.75,0.002004860661948877,-0.0020463600409561977,0.5939778668356261,1.4362244603866041,0.0020463600409561977
BB03,5,4,1,3,0.75,-0.005250250981461256,-0.003565725099643126,0.5881870688827575,1.5495717917017668,0.003565725099643126
PB03,3,4,1,3,0.75,-0.0014647445575170037,-0.0023830645776057014,0.5678897348399963,0.8927335021566751,0.0023830645776057014
PB03,20,4,1,3,0.75,-0.00550982736080007,-0.0058495061982647145,0.566183185200832,1.0133011155948761,0.0058495061982647145
PB08,10,4,1,3,0.75,-0.19360648688029214,-0.2002542026344405,0.560285005751406,0.9186821039323181,0.2002542026344405
VB02,1,4,3,1,0.75,0.00017794639314318511,0.0003714152535797357,0.5514333445296753,1.148279192974559,0.0003714152535797357
PB06,10,4,1,3,0.75,-0.0008204734860023815,-0.0024945889922924815,0.5477510806730437,1.3646164438072113,0.0024945889922924815
PB06,3,4,3,1,0.75,0.0037168302986266676,0.0040407244726838685,0.5134335846068685,0.9310810862454566,0.0040407244726838685
BB05,1,4,1,3,0.75,-0.00037554836970716534,-4.4709442542014585e-05,0.4991975035013766,1.4376253079163799,4.4709442542014585e-05
PB03,10,4,1,3,0.75,-0.002793286482845094,-0.0023762561235386665,0.4668906706473299,0.6572461253485955,0.0023762561235386665
BB03,3,4,1,3,0.75,-0.0033559720120846315,-0.004674616231872337,0.3977537329619029,0.599035983582011,0.004674616231872337
PB07,3,4,1,3,0.75,-0.03250586897919182,-0.03812522488538639,0.35578471209379925,0.738896817239647,0.03812522488538639
BB01,3,4,3,1,0.75,0.0028186098946961498,0.003760339248467831,0.3312256199517828,0.47069912868616676,0.003760339248467831
BB04,1,4,3,1,0.75,0.0003866453629332954,0.0002598524377512797,0.18859160101925326,0.29461800610306765,0.0002598524377512797
VB03,10,3,1,2,0.6666666666666666,-0.009481895059229662,-0.0261269804010922,1.551833719881983,2.017361557343637,0.0261269804010922
PB02,1,3,1,2,0.6666666666666666,-0.0004908736102330076,-0.0012325497853273404,1.146270379284554,1.492605957388929,0.0012325497853273404
VB03,3,3,2,1,0.6666666666666666,0.009747477722669907,0.001411877457054051,0.8972651887056342,2.0179208117435707,0.001411877457054051
PB02,20,3,2,1,0.6666666666666666,-0.0014557351074048635,0.002251874155607742,0.6432351972817804,0.9699544441508355,0.002251874155607742
PB02,5,3,1,2,0.6666666666666666,-0.0015060608703120354,-0.003059945734599329,0.3834496441075535,0.6369332208261524,0.003059945734599329
PB02,10,3,1,2,0.6666666666666666,-0.00034708721297260135,-0.00047392108662218206,0.3259084589432687,0.6001813971488212,0.00047392108662218206
PB02,3,3,1,2,0.6666666666666666,-0.0008306890935774696,-0.0008384472676347689,0.2865934675405468,0.5525070663618988,0.0008384472676347689
VB05,5,4,2,2,0.5,0.0024069626622572394,2.8978816510026942e-05,1.3458657368492817,2.822306315996053,2.8978816510026942e-05
BB05,3,4,2,2,0.5,-0.000913503821008264,0.0003134264572823282,1.2450878230453513,2.053486014260811,0.0003134264572823282
BB03,20,4,2,2,0.5,-0.006522228991718908,-0.00526078557556314,1.151434909210589,2.0484064924780596,0.00526078557556314
BB02,10,4,2,2,0.5,-0.0016221919746690627,0.004519232812390119,0.9907508919340516,1.336912746324421,0.004519232812390119
BB02,5,4,2,2,0.5,-0.002984793949436482,-0.0011366720407954174,0.961702030661392,1.047145492182303,0.0011366720407954174
BB05,5,4,2,2,0.5,-0.0012901685422712576,0.001284738321582012,0.950292985533926,1.689773173217627,0.001284738321582012
VB01,3,4,2,2,0.5,-0.0008613757756666849,-0.0027159395660625294,0.9294899528445691,1.3076835382904441,0.0027159395660625294
VB01,1,4,2,2,0.5,-0.00041210648070031476,-0.00018021889617416873,0.910438271491272,1.5399950917561105,0.00018021889617416873
VB05,1,4,2,2,0.5,0.0006676425963558111,0.0005569982443285625,0.8952784845168699,1.818947402285515,0.0005569982443285625
BB02,3,4,2,2,0.5,-0.010427110590723406,-0.004318720503031861,0.876641763818304,1.3637464677590765,0.004318720503031861
VB01,10,4,2,2,0.5,0.0008616488979220093,0.0011060442581925997,0.8550145510593208,1.48973259549603,0.0011060442581925997
BB07,20,4,2,2,0.5,-0.23119371392315644,0.28877122695000296,0.8533577551173186,1.5415130046802024,0.28877122695000296
PB05,10,4,2,2,0.5,-0.002838953581038063,-0.0028035709558409594,0.8497195770388447,1.1747858307530046,0.0028035709558409594
BB07,5,4,2,2,0.5,-0.02279157328638992,-0.2752798528724403,0.8432518558356763,1.2592909985225746,0.2752798528724403
PB05,1,4,2,2,0.5,-0.0002778356543852895,-8.9776903795775e-05,0.8422420374829707,1.4154905435511846,8.9776903795775e-05
BB07,10,4,2,2,0.5,-0.026368138510595662,-0.14036811836627971,0.8166451207981388,1.0539608505788975,0.14036811836627971
PB06,20,4,2,2,0.5,-0.004878570063034925,-0.00025729390808935677,0.7839953357568343,2.3306627963653335,0.00025729390808935677
BB02,1,4,2,2,0.5,0.00014176973261537638,4.777326123028597e-05,0.7315566757630434,1.2151878035979085,4.777326123028597e-05
BB06,5,4,2,2,0.5,-0.001855642909861842,-0.0012134876108473422,0.7083986905768721,1.371725983030278,0.0012134876108473422
VB05,3,4,2,2,0.5,0.0005821760835277396,0.0006162302709042904,0.7047601467514697,1.130912038309837,0.0006162302709042904
VB01,5,4,2,2,0.5,-0.0013420065512384932,5.332148106527621e-05,0.6907418599286197,1.6167190113997278,5.332148106527621e-05
PB04,3,4,2,2,0.5,-0.00364598099684076,-0.001873656090050484,0.6557576356458071,1.5068441441712521,0.001873656090050484
BB07,3,4,2,2,0.5,0.06300968497348264,-0.11002628525164615,0.6347382365495221,1.163733461557744,0.11002628525164615
PB04,10,4,2,2,0.5,-0.005434672690318559,-0.0031253308428344263,0.5519412023309535,1.1156021092370976,0.0031253308428344263
BB06,3,4,2,2,0.5,-0.00016438764958185542,-6.471997628982261e-05,0.5459000192191421,0.8867856127582794,6.471997628982261e-05
PB06,5,4,2,2,0.5,0.0006371442908413956,-0.0005709391831777461,0.4385281072997239,0.9099429988094591,0.0005709391831777461
PB05,20,4,2,2,0.5,-0.000239319074436756,-0.0008721428149721476,0.4087324674679751,0.6020420812024577,0.0008721428149721476
BB01,20,4,2,2,0.5,0.0049312987555690324,0.00017118294966703298,0.34819801639759684,0.9421108832567746,0.00017118294966703298
VB05,20,4,2,2,0.5,0.0007324637623304454,0.0001682745601052075,0.23156382655341054,0.44095142813487065,0.0001682745601052075
