signal,type,horizon,n,n1,n0,mean_1,mean_0,spread_1_minus_0,tstat_spread,pearson_ic,spearman_ic
PB01,binary,1,865,575,290,5.909920650111644e-05,0.00085022765449407,-0.0007911284479929536,-1.0467151407700492,-0.036648469679568085,-0.048476638488383995
PB01,binary,3,863,573,290,0.00034931638503085986,0.004270144797431461,-0.003920828412400601,-1.2876216306133785,-0.043578113029680864,-0.0544046588424181
PB01,binary,5,861,571,290,0.0006551366981481259,0.006817461235886796,-0.00616232453773867,-1.6578326171505786,-0.05802130308490958,-0.05117583990305081
PB01,binary,10,856,566,290,0.0029615634721854127,0.007835468047266054,-0.004873904575080641,-1.2493092615081103,-0.04295171536298697,-0.04298147213926206
PB01,binary,20,846,556,290,0.006990184864284272,0.010013242548121656,-0.0030230576838373843,-0.8102734959887823,-0.028511835384124162,-0.0300819638221095
PB02,binary,1,865,666,199,0.00022426867187805047,0.0006592217490986967,-0.0004349530772206462,-0.47858005368878903,-0.017963128737888148,-0.032918899957700004
PB02,binary,3,863,664,199,0.0013872027453074734,0.0025999882260987137,-0.0012127854807912402,-0.3137568990567803,-0.012020121051011388,-0.02060540620393331
PB02,binary,5,861,662,199,0.0021916268502494085,0.004524069538616291,-0.0023324426883668823,-0.4902051734985998,-0.019588102719706856,-0.0185672268237224
PB02,binary,10,856,657,199,0.004320855199514083,0.005576526597403746,-0.001255671397889663,-0.25713850813503364,-0.009876009550534507,-0.012932362855744705
PB02,binary,20,846,647,199,0.007515732472629201,0.009686955847770067,-0.0021712233751408653,-0.5327578832593874,-0.0182989230333153,-0.03288217291199256
PB03,binary,1,865,477,388,-0.00012943623253217393,0.0008821885218022403,-0.0010116247543344142,-1.4431136820784707,-0.04937082928035732,-0.05339602136151772
PB03,binary,3,863,477,386,0.00106216979474626,0.0024141069631705707,-0.0013519371684243106,-0.46630300232528343,-0.01581698214643628,-0.03246997024816528
PB03,binary,5,861,477,384,0.0019089466049147731,0.0037515085481911545,-0.0018425619432763814,-0.5425741520687298,-0.01824621370662878,-0.028597111751079724
PB03,binary,10,856,476,380,0.003635397344574677,0.005837056639333033,-0.002201659294758356,-0.5994469663089168,-0.02036768473882475,-0.013692497615376982
PB03,binary,20,846,467,379,0.006122422594968393,0.01037259042650949,-0.004250167831541097,-1.2220756181103243,-0.04199779324552489,-0.05348718358289329
PB04,binary,1,865,482,383,-1.7389584062669803e-05,0.0007543860132105198,-0.0007717755972731896,-1.0743883054348864,-0.03761749487576638,-0.03252949555872032
PB04,binary,3,863,481,382,0.00040442299533999677,0.0032564733484797587,-0.002852050353139762,-0.974548674075469,-0.03333309828000484,-0.03236306407139382
PB04,binary,5,861,479,382,0.0010662393249194972,0.004817848629354217,-0.0037516093044347196,-1.0799528193823764,-0.03713153482134624,-0.035901325745521795
PB04,binary,10,856,474,382,0.003199485702524276,0.006366425225046052,-0.0031669395225217764,-0.8522479155929968,-0.029312772583139978,-0.01788896020506919
PB04,binary,20,846,464,382,0.006601692102448955,0.00975706279570948,-0.0031553706932605247,-0.8998174194020164,-0.031202069889678274,-0.054717924957935385
PB05,binary,1,865,458,407,0.00023360151451672114,0.00042643383266035374,-0.0001928323181436326,-0.27710753080014516,-0.009444646067849241,-0.01036091324614923
PB05,binary,3,863,458,405,0.00297315068123653,0.00018962288363327326,0.0027835277976032565,0.9659092914689541,0.03268662553954716,0.012731235965964559
PB05,binary,5,861,458,403,0.0021432022868700614,0.003398412321745067,-0.0012552100348750058,-0.36783874510105047,-0.012477498411485814,-0.03718796293948852
PB05,binary,10,856,458,398,0.0034751482592336185,0.005921891347324376,-0.0024467430880907577,-0.6652170023227083,-0.02272264699378852,-0.025904935265321827
PB05,binary,20,846,453,393,0.00872832900585071,0.007217430238796344,0.0015108987670543663,0.4367431257632458,0.014973491797356093,-0.0013731931459327299
PB06,binary,1,865,127,738,0.00048102017778574676,0.00029736924249679187,0.0001836509352889549,0.19229678254752403,0.006378214311588538,0.016783070649667598
PB06,binary,3,863,127,736,0.004707189274532506,0.0011422381005600246,0.003564951173972481,0.6943533250759981,0.029717250704428898,-0.007352370404739792
PB06,binary,5,861,127,734,0.0034631972121764616,0.0026039792467347947,0.0008592179654416669,0.15773962225741134,0.006069865924237353,-0.006259382389487959
PB06,binary,10,856,127,729,0.0031848971296561403,0.004861520882712989,-0.0016766237530568486,-0.30597997254419185,-0.011096793788846843,-0.009263447634390033
PB06,binary,20,846,123,723,0.002921865246584483,0.00889487371807392,-0.005973008471489438,-1.1101395130083105,-0.04183667690120828,-0.04135059152094319
PB07,continuous,1,865,0,0,,,,,-0.046403355660227096,-0.03419389528957431
PB07,continuous,3,863,0,0,,,,,-0.03132266501346157,-0.04170246779532193
PB07,continuous,5,861,0,0,,,,,-0.07037836250471897,-0.05708968411683358
PB07,continuous,10,856,0,0,,,,,-0.10425712175825964,-0.07627705656362471
PB07,continuous,20,846,0,0,,,,,-0.0878896250340994,-0.0694751036013557
PB08,continuous,1,865,0,0,,,,,-0.026150913863471167,-0.017322979470036904
PB08,continuous,3,863,0,0,,,,,-0.024688248571442705,-0.020284633320853878
PB08,continuous,5,861,0,0,,,,,-0.04128221539829091,-0.02242057719167762
PB08,continuous,10,856,0,0,,,,,-0.045097650321078535,-0.029858848677210673
PB08,continuous,20,846,0,0,,,,,-0.07610618594376896,-0.026884905163019234
BB01,binary,1,865,43,822,-0.0014329574914521007,0.00041625941079545325,-0.001849216902247554,-1.151669769018844,-0.03943972814766067,-0.04213383192492951
BB01,binary,3,863,43,820,0.004091128771564468,0.0015397338325616272,0.002551394939002841,0.25873698794292693,0.01306270496946992,-0.003142362617499962
BB01,binary,5,861,43,818,0.017915661221380982,0.0019324857952693984,0.015983175426111586,1.4962615016584178,0.0693585179153865,0.05414598211003659
BB01,binary,10,856,43,813,0.018401233842026212,0.0038834902875239503,0.014517743554502261,1.3109446978673294,0.059043881184380254,0.03825578135009954
BB01,binary,20,846,40,806,0.017922904860544375,0.007535318770565212,0.010387586089979164,0.9365447277407847,0.04380810816289822,0.00025085093953823085
BB02,binary,1,865,34,831,-0.0008816374731049054,0.00037367477452104577,-0.0012553122476259512,-0.5778941746659624,-0.02393688638098822,-0.016510798300091212
BB02,binary,3,863,34,829,-2.3013169006622256e-05,0.0017361673433341756,-0.0017591805123407978,-0.19384480376474458,-0.008052697843054527,-0.0185773778270464
BB02,binary,5,861,34,827,0.008132479330709604,0.0025086366575642364,0.005623842673145367,0.49377868004244885,0.02181982357104823,-0.003431085880666042
BB02,binary,10,856,34,822,0.012915829244519924,0.004269333898601486,0.008646495345918437,0.8562871995664503,0.03144211528480087,0.03856182356250003
BB02,binary,20,846,34,812,0.014245050607152277,0.007766073156224333,0.006478977450927944,0.7947912786567615,0.0252851938560264,0.021809532731796828
BB03,binary,1,865,98,767,-0.0013505713563032908,0.000538336449099276,-0.0018889078054025667,-1.7995617783215732,-0.0587485839320142,-0.05812166234493331
BB03,binary,3,863,98,765,-0.001127160022661102,0.0020247868785602543,-0.0031519469012213563,-0.5337584060212422,-0.02353081245476263,-0.07703872451435384
BB03,binary,5,861,98,763,-0.002608181700999782,0.0034164464216877174,-0.0060246281226875,-1.0100418658749153,-0.038118114488927816,-0.05680836097778028
BB03,binary,10,856,98,758,-0.008972368065274482,0.006369159273563321,-0.015341527338837802,-2.6408198079390313,-0.09095205485029123,-0.08940012813151313
BB03,binary,20,846,95,751,0.0014147275218861447,0.008862828240902999,-0.007448100719016854,-1.3834044064787276,-0.046727189258113616,-0.05107149956653613
BB04,binary,1,865,86,779,0.0005113081060343658,0.00030369135612640156,0.00020761674990796422,0.16669875666343204,0.006096158701868902,0.012981318756553206
BB04,binary,3,863,84,779,0.00900539303531511,0.0008755420602199449,0.008129850975095165,1.4572105425933892,0.0567028947978607,0.03712671184354156
BB04,binary,5,861,82,779,0.01815543110362719,0.001107062211235328,0.017048368892391863,2.5348364063512228,0.09969751825775432,0.07048873580108338
BB04,binary,10,856,82,774,0.012706698165200257,0.0037552731387825292,0.008951425026417728,1.4975483348981875,0.04905303255346832,0.04835108718738064
BB04,binary,20,846,82,764,0.011021446693550754,0.007705005883018552,0.0033164408105322016,0.6398936095645957,0.019497018430812828,0.005382237475853635
BB05,binary,1,865,402,463,0.00011574440752946317,0.0005054401980876416,-0.0003896957905581784,-0.565888198633119,-0.01907239174594583,-0.02658546735776739
BB05,binary,3,863,402,461,0.001227476129529659,0.0020500105765875994,-0.0008225344470579403,-0.28589897299320544,-0.009654546053750823,-0.012792951134483945
BB05,binary,5,861,402,459,0.002009030561039178,0.0033627811056906333,-0.0013537505446514554,-0.3989271159703163,-0.013455005271612315,-0.016025751520672097
BB05,binary,10,856,402,454,0.005799380664359591,0.003562069673769918,0.0022373109905896725,0.6133233716797045,0.020790435442177374,0.015487950741668558
BB05,binary,20,846,398,448,0.005448733780047245,0.010316489015711009,-0.004867755235663763,-1.408234802230191,-0.04827826137380039,-0.05138471355190626
BB06,continuous,1,865,0,0,,,,,-0.03818170464393033,-0.05168175500828646
BB06,continuous,3,863,0,0,,,,,-0.005506264162026713,-0.024022055962413684
BB06,continuous,5,861,0,0,,,,,-0.026790686792806436,-0.028574772142057867
BB06,continuous,10,856,0,0,,,,,-0.02688482067386816,-0.018113748667577142
BB06,continuous,20,846,0,0,,,,,-0.019130435204505875,-0.0290209802061744
BB07,continuous,1,865,0,0,,,,,0.04821693599487745,0.05072826434076601
BB07,continuous,3,863,0,0,,,,,0.022765963294254603,0.0146490595856839
BB07,continuous,5,861,0,0,,,,,0.031864851229521304,0.02439042480177349
BB07,continuous,10,856,0,0,,,,,0.037400381450460915,0.027602801255372882
BB07,continuous,20,846,0,0,,,,,0.013795977501589082,0.03995323890871456
VB01,binary,1,865,318,547,5.601646345432987e-05,0.00048031961272933336,-0.0004243031492750035,-0.6372088672825724,-0.02007517779273389,-0.0374963179254491
VB01,binary,3,863,317,546,0.0010868967931478896,0.0020035787480767865,-0.0009166819549288969,-0.3087401095451782,-0.010398217782041776,-0.0397898977409926
VB01,binary,5,861,315,546,0.0017308221484014041,0.003307578454767963,-0.001576756306366559,-0.45604152482189625,-0.015130108189127637,-0.0058402663982828
VB01,binary,10,856,313,543,0.0051101621555516,0.004326058755573569,0.0007841033999780311,0.20456866306795912,0.007031398257030494,-0.003960851956201111
VB01,binary,20,846,307,539,0.003944901627019265,0.010351202827462748,-0.006406301200443483,-1.8248431788177113,-0.061208716120207826,-0.0685041735668635
VB02,binary,1,865,454,411,0.00046128900739897356,0.0001730483070128668,0.0002882407003861068,0.4156194578250091,0.014124727032741327,0.0012052283053473505
VB02,binary,3,863,454,409,0.0024973806842446046,0.0007449619785593055,0.0017524187056852992,0.603657552202763,0.02058930727739535,0.0165623628535874
VB02,binary,5,861,454,407,0.0007413181348417208,0.004949848599094861,-0.0042085304642531405,-1.2294267757767932,-0.041858288299437725,-0.031214650144695055
VB02,binary,10,856,454,402,0.0018230658474795794,0.0077633302592248,-0.005940264411745221,-1.612689276438033,-0.05520049929639087,-0.04669119829093842
VB02,binary,20,846,449,397,0.006256827377488864,0.010027878163740143,-0.003771050786251279,-1.0891494674177746,-0.03739582779092613,-0.037741501520140656
VB03,binary,1,865,16,849,0.0048701114829586,0.00023866464053484647,0.004631446842423754,1.6641435874511417,0.06123594750775608,0.0538087284094985
VB03,binary,3,863,16,847,0.01947760094331827,0.0013304116467351996,0.018147189296583068,1.189561049364601,0.05760037891333316,0.048411164580967156
VB03,binary,5,861,16,845,0.02859070241010376,0.0022410598514651953,0.026349642558638565,2.4541553144294226,0.07089064578700321,0.07626249488407304
VB03,binary,10,856,16,840,0.007317471330515447,0.00456125133056649,0.0027562199999489577,0.15834805564663887,0.006950399860529697,0.010332590822977113
VB03,binary,20,846,16,830,0.00501067664808779,0.008084593129069798,-0.003073916480982007,-0.18002286281308486,-0.008320193889547856,-0.0044415191492620364
VB04,binary,1,865,376,489,0.0006159932352595033,0.00010007077113261555,0.0005159224641268878,0.7368548071880068,0.025096243070192797,0.04426951840437832
VB04,binary,3,863,376,487,0.004659526033839904,-0.0006436991968090296,0.005303225230648933,1.7906758753468397,0.061874649198991896,0.06874900823926026
VB04,binary,5,861,376,485,0.00532696285686983,0.0007179562450859679,0.004609006611783862,1.3249555350262217,0.045540519604205285,0.03238191324038685
VB04,binary,10,856,373,483,0.00540278044877357,0.004002678160603639,0.001400102288169931,0.3762436470851414,0.012926591452084343,0.00747966455680412
VB04,binary,20,846,368,478,0.008939150843442507,0.0073237983537876436,0.0016153524896548631,0.4595105701944741,0.01591283314722787,0.03908123648572298
VB05,continuous,1,865,0,0,,,,,0.027373271127199904,-0.017529892112561906
VB05,continuous,3,863,0,0,,,,,0.004761726909498514,-0.031473808959754955
VB05,continuous,5,861,0,0,,,,,0.033026669577467783,0.005123623638265999
VB05,continuous,10,856,0,0,,,,,0.011041506260759195,-0.0003701101457005741
VB05,continuous,20,846,0,0,,,,,0.012909765430169338,-0.035733811616746484
