date,baseline_equity,equal_weight_equity,risk_parity_equity,optimize_sharpe_equity
2018-01-02,1.0,1.0,1.0,1.0
2018-01-03,1.0,1.0,1.0,1.0
2018-01-04,1.0,1.0,1.0,1.0
2018-01-05,1.0,1.0,1.0,1.0
2018-01-08,1.0,1.0,1.0,1.0
2018-01-09,1.0,1.0,1.0,1.0
2018-01-10,1.0,1.0,1.0,1.0
2018-01-11,1.0,1.0,1.0,1.0
2018-01-12,1.0,1.0,1.0,1.0
2018-01-15,1.0,1.0,1.0,1.0
2018-01-16,1.0,1.0,1.0,1.0
2018-01-17,1.0,1.0,1.0,1.0
2018-01-18,1.0,1.0,1.0,1.0
2018-01-19,1.0,1.0,1.0,1.0
2018-01-22,1.0,1.0,1.0,1.0
2018-01-23,1.0,1.0,1.0,1.0
2018-01-24,1.0,1.0,1.0,1.0
2018-01-25,1.0,1.0,1.0,1.0
2018-01-26,1.0,1.0,1.0,1.0
2018-01-29,1.0,1.0,1.0,1.0
2018-01-30,1.0,1.0,1.0,1.0
2018-01-31,1.0,1.0,1.0,1.0
2018-02-01,1.0,1.0,1.0,1.0
2018-02-02,1.0,1.0,1.0,1.0
2018-02-06,1.0,1.0,1.0,1.0
2018-02-07,1.0,1.0,1.0,1.0
2018-02-08,0.99985,0.99975,0.9997590883970867,0.9999999999924397
2018-02-09,1.0009662060216509,1.0016101573071718,1.0015516386065877,1.000000000048707
2018-02-12,1.005992965869889,1.0099934801607144,1.0096297256053357,1.000000000301821
2018-02-13,1.0036141537737988,1.0060130270344825,1.0057953576991447,1.0000000001826383
2018-02-14,1.0020380890758247,1.0033799739306093,1.0032585745221707,1.0000000001034877
2018-02-15,0.9999177099136453,0.9998412761311526,0.999848933669745,0.9999999999968338
2018-02-16,1.0001883032952652,1.0002922306268893,1.0002834976795743,1.0000000000104732
2018-02-19,1.000154500461132,1.0002358867160392,1.000229202546087,1.0000000000087697
2018-02-20,0.9982839294571525,0.997118014683988,0.9972246964284336,0.9999999999145037
2018-02-21,1.0009097017820916,1.00148919074322,1.001437415223557,1.0000000000470752
2018-02-22,1.0017421370789694,1.0028773861524094,1.0027750755896456,1.0000000000889935
2018-02-23,1.0067719926183802,1.0112699790652548,1.010861742572737,1.0000000003420673
2018-02-26,1.0013450791031455,1.00218471322357,1.0021102930181893,1.00000000007038
2018-02-27,1.006279493041553,1.0104156323492368,1.010041399706605,1.00000000031875
2018-02-28,1.0129028235534554,1.0214998899763332,1.0207187487069267,1.0000000006504957
2018-03-01,1.0100240355855015,1.0166611869205395,1.0160595155138101,1.0000000005072474
2018-03-02,1.0148174073450442,1.024702637504408,1.023804044500933,1.000000000746445
2018-03-05,1.0160926048174894,1.026848669233689,1.0258702467700271,1.000000000809779
2018-03-06,1.0160708702163168,1.0268120614379943,1.0258350034123758,1.0000000008087007
2018-03-07,1.0150166894432386,1.0250365200453908,1.0241256374087617,1.0000000007564083
2018-03-08,1.0138191124642888,1.0230208550949904,1.0221849751851264,1.000000000696941
2018-03-09,1.0138191124642888,1.0230208550949904,1.0221849751851264,1.000000000696941
2018-03-12,1.0138191124642888,1.0230208550949904,1.0221849751851264,1.000000000696941
2018-03-13,1.0138191124642888,1.0230208550949904,1.0221849751851264,1.000000000696941
2018-03-14,1.0138191124642888,1.0230208550949904,1.0221849751851264,1.000000000696941
2018-03-15,1.0138191124642888,1.0230208550949904,1.0221849751851264,1.000000000696941
2018-03-16,1.0138191124642888,1.0230208550949904,1.0221849751851264,1.000000000696941
2018-03-19,1.0138191124642888,1.0230208550949904,1.0221849751851264,1.000000000696941
2018-03-20,1.0138191124642888,1.0230208550949904,1.0221849751851264,1.000000000696941
2018-03-21,1.0138191124642888,1.0230208550949904,1.0221849751851264,1.000000000696941
2018-03-22,1.0138191124642888,1.0230208550949904,1.0221849751851264,1.000000000696941
2018-03-23,1.0138191124642888,1.0230208550949904,1.0221849751851264,1.000000000696941
2018-03-26,1.0138191124642888,1.0230208550949904,1.0221849751851264,1.000000000696941
2018-03-27,1.0138191124642888,1.0230208550949904,1.0221849751851264,1.000000000696941
2018-03-28,1.0138191124642888,1.0230208550949904,1.0221849751851264,1.000000000696941
2018-03-29,1.0138191124642888,1.0230208550949904,1.0221849751851264,1.000000000696941
2018-04-02,1.0138191124642888,1.0230208550949904,1.0221849751851264,1.000000000696941
2018-04-03,1.0138191124642888,1.0230208550949904,1.0221849751851264,1.000000000696941
2018-04-04,1.0138191124642888,1.0230208550949904,1.0221849751851264,1.000000000696941
2018-04-05,1.0138191124642888,1.0230208550949904,1.0221849751851264,1.000000000696941
2018-04-06,1.0138191124642888,1.0230208550949904,1.0221849751851264,1.000000000696941
2018-04-09,1.0138191124642888,1.0230208550949904,1.0221849751851264,1.000000000696941
2018-04-10,1.0138191124642888,1.0230208550949904,1.0221849751851264,1.000000000696941
2018-04-11,1.0138191124642888,1.0230208550949904,1.0221849751851264,1.000000000696941
2018-04-12,1.0138191124642888,1.0230208550949904,1.0221849751851264,1.000000000696941
2018-04-13,1.0138191124642888,1.0230208550949904,1.0221849751851264,1.000000000696941
2018-04-16,1.0134642757749264,1.0227650998812168,1.0219201389183799,0.9995000007041528
2018-04-17,1.0297354912116798,1.0344940574486619,1.0340654439983292,1.0224243123002794
2018-04-18,1.0223120351547197,1.0291670853127535,1.0285471046263008,1.011894670875798
2018-04-19,1.0183551541063154,1.0263217898344092,1.0256001487935733,1.006299584656743
2018-04-20,1.0140063344590644,1.02319118937119,1.022358021021904,1.0001605317214306
2018-04-23,1.0094564827971233,1.0199118578330553,1.0189622413978794,0.9937494954276292
2018-04-24,0.9980460249782053,1.0116771143765912,1.010436081377092,0.9777024773088523
2018-04-25,1.0024883074881428,1.0148935102415568,1.0137653157568716,0.983919239777718
2018-04-26,1.005065489844794,1.0167571341497126,1.0156945420928802,0.987532732962401
2018-04-27,0.9897577761558217,1.005695859850358,1.0042431309365394,0.9660460476826257
2018-04-30,0.9919737440168218,1.0073041824384397,1.0059075141404203,0.9691358757671386
2018-05-01,0.991626553206416,1.0070523563928302,1.0056468951749644,0.9686513078365819
2018-05-02,1.0194581658062247,1.0272413298672136,1.0265406098661547,1.007489557188757
2018-05-03,1.0102610407383625,1.0206218002116216,1.019685116137013,0.9945050584020277
2018-05-04,1.015478589453857,1.0243868412314072,1.0235834488945954,1.0018424526882848
2018-05-07,1.025536418345146,1.031634027557846,1.0310882060997477,1.016017837459641
2018-05-08,1.0256992757618524,1.0317510459366526,1.0312094143531838,1.0162483315209152
2018-05-09,1.0309646406083202,1.0355342111084924,1.0351280529318279,1.0237009728354234
2018-05-10,1.0386829476407937,1.0410717233076427,1.0408646226844431,1.034649440744707
2018-05-11,1.0285325243006884,1.0338047465883082,1.0333349634597018,1.0202051462421389
2018-05-14,1.0313520132402936,1.0358289905474374,1.035431842650196,1.0242003766373216
2018-05-15,1.0418171221190555,1.0433365167479243,1.0432093112593952,1.0390468640711676
2018-05-16,1.0418171221190555,1.0433365167479243,1.0432093112593952,1.0390468640711676
2018-05-17,1.0418171221190555,1.0433365167479243,1.0432093112593952,1.0390468640711676
2018-05-18,1.0418171221190555,1.0433365167479243,1.0432093112593952,1.0390468640711676
2018-05-21,1.0418171221190555,1.0433365167479243,1.0432093112593952,1.0390468640711676
2018-05-22,1.0418171221190555,1.0433365167479243,1.0432093112593952,1.0390468640711676
2018-05-24,1.0418171221190555,1.0433365167479243,1.0432093112593952,1.0390468640711676
2018-05-25,1.0418171221190555,1.0433365167479243,1.0432093112593952,1.0390468640711676
2018-05-28,1.0418171221190555,1.0433365167479243,1.0432093112593952,1.0390468640711676
2018-05-29,1.0418171221190555,1.0433365167479243,1.0432093112593952,1.0390468640711676
2018-05-30,1.0418171221190555,1.0433365167479243,1.0432093112593952,1.0390468640711676
2018-05-31,1.0418171221190555,1.0433365167479243,1.0432093112593952,1.0390468640711676
2018-06-01,1.0418171221190555,1.0433365167479243,1.0432093112593952,1.0390468640711676
2018-06-04,1.0418171221190555,1.0433365167479243,1.0432093112593952,1.0390468640711676
2018-06-05,1.0418171221190555,1.0433365167479243,1.0432093112593952,1.0390468640711676
2018-06-06,1.0418171221190555,1.0433365167479243,1.0432093112593952,1.0390468640711676
2018-06-07,1.0418171221190555,1.0433365167479243,1.0432093112593952,1.0390468640711676
2018-06-08,1.0418171221190555,1.0433365167479243,1.0432093112593952,1.0390468640711676
2018-06-11,1.041452486126314,1.0430756826187373,1.0429390278311153,1.0385273406469877
2018-06-12,1.0576363666221258,1.0546536144155505,1.05493628701091,1.0615822325166544
2018-06-13,1.0572960822081676,1.0544112395999197,1.0546850336770996,1.061094298297351
2018-06-15,1.0654073128817603,1.0601891675299775,1.0606745648906726,1.0727233971908348
2018-06-18,1.0535627232043963,1.051770183730511,1.0519455261427884,1.0556863607028244
2018-06-19,1.0706344729117523,1.0639435435198656,1.0645635344619082,1.0801237328550748
2018-06-20,1.0725247287760635,1.0652852883138695,1.0659548667915741,1.082848032245492
2018-06-21,1.0689162193059596,1.062725179476346,1.063300021172643,1.0776434005744453
2018-06-22,1.0766518768112565,1.0682186462381562,1.0689962746746267,1.0887845652460928
2018-06-25,1.085714779042024,1.0746414419973653,1.0756574076676906,1.1018774667924998
2018-06-27,1.084387045101177,1.0735492130621203,1.0745439541633162,1.1001885841379486
2018-06-28,1.0804454217685349,1.0670454979816952,1.0682708652564665,1.1001885839363883
2018-06-29,1.0816332127942236,1.0690005976115462,1.070157053564171,1.100188583997349
2018-07-02,1.0785262525205217,1.0638828085279395,1.0652199792715733,1.1001885838380658
2018-07-03,1.0745341150224772,1.0573195832571534,1.0588874015050198,1.100188583632813
2018-07-04,1.0713664984585398,1.0521248001127228,1.0538740444521595,1.100188583469347
2018-07-05,1.0754215205159412,1.0587617901588218,1.0602803894928727,1.1001885836792265
2018-07-06,1.0702989094594686,1.0503563653262156,1.0521689142565886,1.1001885834150906
2018-07-09,1.0760742602214892,1.0598025994284623,1.0612874521634776,1.1001885837143086
2018-07-10,1.0798197526416125,1.0659506921604163,1.0672203403975933,1.100188583907319
2018-07-11,1.0744044646767157,1.057041134276167,1.0586244505746052,1.1001885836292293
2018-07-12,1.0715294477742112,1.0523268774830623,1.0540747692674872,1.1001885834808454
2018-07-13,1.0684879526493751,1.047348561870354,1.049269465021743,1.100188583323448
2018-07-16,1.064803220872649,1.041677958762318,1.0437759141729825,1.0996384888682844
2018-07-17,1.0349746937342674,1.012497243815822,1.0145364288183252,1.0688341150040366
2018-07-18,1.00598169956895,0.9841339158426171,0.9861159766668796,1.0388926087550336
2018-07-19,0.9964984003246745,0.9748565736957618,0.9768199498104269,1.0290990613220024
2018-07-20,1.0211048463814067,0.9989286200591879,1.0009404776450113,1.0545105125909688
2018-07-23,1.0153396688672658,0.9932886499434787,0.9952891485428507,1.0485567260457782
2018-07-24,0.9855529183775373,0.964148804345647,0.9660906148483538,1.0177954955622923
2018-07-25,0.9870759007260168,0.9655421323976566,0.9674955441869909,1.0195212307850747
2018-07-26,0.9873975326686171,0.9657668576199572,0.9677289101526334,1.0199958079662799
2018-07-27,1.0080083389613148,0.980166350780901,0.9826821940679372,1.0504118909433147
2018-07-30,1.0116239783849192,0.9826776169243832,0.9852914338705524,1.0557943727566301
2018-07-31,1.0116239783849192,0.9826776169243832,0.9852914338705524,1.0557943727566301
2018-08-01,1.0112699099924845,0.9824319475201521,0.9850361562922878,1.055266475578234
2018-08-02,1.0063664335321674,0.9790293431872039,0.9815005076412372,1.047956749470511
2018-08-03,0.9995450099797503,0.9742892536378813,0.9765756994342444,1.0378091296963667
2018-08-06,0.9985303906250724,0.9735828374156961,0.9758418843744991,1.036304186085572
2018-08-07,1.0007635256839784,0.9751380815649224,0.9774574071197553,1.0396150620293931
2018-08-08,1.0046750218034728,0.9778604663984748,0.980285470882862,1.045419844528021
2018-08-09,1.000567560890905,0.9750048709098766,0.977318725193721,1.039314073307755
2018-08-10,0.9936131382261549,0.9701643353710414,0.9722903137859378,1.0289944599768106
2018-08-13,0.973210250919969,0.9559347719714661,0.9575111390327763,0.9988095909792217
2018-08-14,0.9683712228093634,0.9525396788255001,0.9539868199209973,0.9917148568098797
2018-08-15,0.9751705856765317,0.9573169663906971,0.9589453007513725,1.0016623835897902
2018-08-16,0.9748292759715449,0.9570776371490994,0.9586968491505071,1.0011615524055681
2018-08-17,0.9725442616039107,0.955475205533832,0.9570333537991056,0.9978090701470007
2018-08-20,0.9788271465329983,0.9598842158600525,0.9616100988812263,1.007017787237458
2018-08-21,0.9898281241975726,0.9675899867459075,0.9696103609370954,1.0231860877488819
2018-08-22,0.9902017062111844,0.967850835939796,0.9698812574013466,1.0237377620444155
2018-08-23,0.99905129532821,0.9740292901237924,0.9762977533345331,1.0368081992000275
2018-08-24,0.9977059782188332,0.9730924168298375,0.9753245600847326,1.034813684439649
2018-08-27,0.9923215982010518,0.969341312167873,0.9714281719724197,1.0268356253979012
2018-08-28,0.9913742646920035,0.968680315695138,0.9707416711382075,1.0254352214170044
2018-08-29,1.005446494984561,0.9785018136816183,0.9809418758017224,1.0462290987095384
2018-08-30,1.0094316543928619,0.9812720724161951,0.9838200026320831,1.052153104602464
2018-08-31,1.0094316543928619,0.9812720724161951,0.9838200026320831,1.052153104602464
2018-09-03,1.0094316543928619,0.9812720724161951,0.9838200026320831,1.052153104602464
2018-09-04,1.0094316543928619,0.9812720724161951,0.9838200026320831,1.052153104602464
2018-09-05,1.0094316543928619,0.9812720724161951,0.9838200026320831,1.052153104602464
2018-09-06,1.0094316543928619,0.9812720724161951,0.9838200026320831,1.052153104602464
2018-09-07,1.0094316543928619,0.9812720724161951,0.9838200026320831,1.052153104602464
2018-09-10,1.0094316543928619,0.9812720724161951,0.9838200026320831,1.052153104602464
2018-09-11,1.0094316543928619,0.9812720724161951,0.9838200026320831,1.052153104602464
2018-09-12,1.0094316543928619,0.9812720724161951,0.9838200026320831,1.052153104602464
2018-09-13,1.0094316543928619,0.9812720724161951,0.9838200026320831,1.052153104602464
2018-09-14,1.0094316543928619,0.9812720724161951,0.9838200026320831,1.052153104602464
2018-09-17,1.0094316543928619,0.9812720724161951,0.9838200026320831,1.052153104602464
2018-09-18,1.0094316543928619,0.9812720724161951,0.9838200026320831,1.052153104602464
2018-09-19,1.009280239644703,0.9810267543980911,0.9835829889782709,1.0521531045945094
2018-09-20,1.0090202377094315,0.9806055485316438,0.9831760378308543,1.052153104580848
2018-09-21,1.0073528591620797,0.9779048417900437,0.9805666893937888,1.0521531044932166
2018-09-24,1.0065218731840617,0.9765603522797852,0.9792675502569406,1.0521531044494705
2018-09-25,1.006747861866346,0.9769257882646065,0.9796206775574531,1.0521531044613772
2018-09-26,1.0068548530978283,0.9770988247932687,0.97978788356305,1.052153104467013
2018-09-27,1.008138429617221,0.9791748954813991,0.981793987447432,1.0521531045346184
2018-09-28,1.0057210777427323,0.9752617254254065,0.9780129887480374,1.0521531044074597
2018-10-01,1.0022295147768339,0.9696186967601819,0.9725597638734932,1.0521531042233534
2018-10-02,1.0028782847816042,0.9706647970084247,0.9735708923246053,1.0521531042576815
2018-10-04,1.0030222386023864,0.9708970134670389,0.9737953368453897,1.0521531042652934
2018-10-05,1.006619879343428,0.9767010367421886,0.9794050593587565,1.0521531044555035
2018-10-08,1.0044196823009122,0.9731430324141068,0.9759669089248368,1.052153104339593
2018-10-09,1.0034872658861924,0.9716373959534351,0.9745117975122354,1.052153104290364
2018-10-10,1.0016064011393566,0.9686021165717509,0.9715782085692709,1.0521531041909673
2018-10-11,1.0012454185344288,0.9680203036713594,0.9710158239859406,1.0521531041718548
2018-10-12,1.0009443464215666,0.9675351680047773,0.9705468780742039,1.0521531041559087
2018-10-15,1.0017879404045844,0.9688942293235623,0.9718606092847798,1.0521531042006027
2018-10-16,1.0010301946938691,0.9676727874448378,0.9706799675652422,1.0521531041604908
2018-10-17,1.0026086125502112,0.9702158209698593,0.9731381682364161,1.052153104244109
2018-10-18,1.0055059393540458,0.9748886851171329,0.977654720271791,1.0521531043973562
2018-10-19,1.0055059393540458,0.9748886851171329,0.977654720271791,1.0521531043973562
2018-10-22,1.0055059393540458,0.9748886851171329,0.977654720271791,1.0521531043973562
2018-10-23,1.0055059393540458,0.9748886851171329,0.977654720271791,1.0521531043973562
2018-10-24,1.0055059393540458,0.9748886851171329,0.977654720271791,1.0521531043973562
2018-10-25,1.0055059393540458,0.9748886851171329,0.977654720271791,1.0521531043973562
2018-10-26,1.0055059393540458,0.9748886851171329,0.977654720271791,1.0521531043973562
2018-10-29,1.0055059393540458,0.9748886851171329,0.977654720271791,1.0521531043973562
2018-10-30,1.0055059393540458,0.9748886851171329,0.977654720271791,1.0521531043973562
2018-10-31,1.0055059393540458,0.9748886851171329,0.977654720271791,1.0521531043973562
2018-11-01,1.0055059393540458,0.9748886851171329,0.977654720271791,1.0521531043973562
2018-11-02,1.0055059393540458,0.9748886851171329,0.977654720271791,1.0521531043973562
2018-11-05,1.0053551134631427,0.9746449629458538,0.9774191919060345,1.0521531043894017
2018-11-06,1.0060455563882307,0.9757605500489036,0.9784972833839519,1.0521531044258212
2018-11-07,1.0062675469298616,0.9761193966432617,0.9788440544919375,1.0521531044375227
2018-11-08,1.006898142816298,0.9771389016414965,0.9798292391323131,1.0521531044707555
2018-11-09,1.0076910678158522,0.9784213846623732,0.9810685019630788,1.0521531045125168
2018-11-12,1.00700434961232,0.9773100986789465,0.9799947179306475,1.0521531044763777
2018-11-13,1.0046261499443307,0.9734633119974133,0.9762775929740961,1.0521531043511376
2018-11-14,1.0093386320012459,0.9810738186372996,0.9836326325014665,1.0521531045998926
2018-11-15,1.0087820114321275,0.9801720963775226,0.9827614247287685,1.0521531045706478
2018-11-16,1.0060882104807896,0.9758097589320118,0.9785465688212961,1.0521531044290375
2018-11-19,1.0079810521898855,0.9788695526171114,0.9815033977181729,1.0521531045288086
2018-11-21,1.0073993904301393,0.977928114638523,0.9805937433486676,1.052153104498207
2018-11-22,1.0096126869632305,0.9815090262516382,0.9840538819547593,1.0521531046147174
2018-11-23,1.0118842575606681,0.9851895912081187,0.9876098412123359,1.0521531047340331
2018-11-26,1.0138442308662357,0.9883700361474534,0.990682194716545,1.052153104836751
2018-11-27,1.0169661059318464,0.9934424257669272,0.9955816195661962,1.0521531050000452
2018-11-28,1.014310871701881,0.9891194001206607,0.9914067809911487,1.0521531048615858
2018-11-29,1.0165467203018492,0.9927532650557284,0.9949166398679575,1.0521531049784811
2018-11-30,1.0143222876266917,0.98913265297587,0.9914200469388951,1.0521531048624384
2018-12-03,1.0148153264567301,0.98993397751858,0.992194026175848,1.0521531048882153
2018-12-04,1.01369008286782,0.9881045529382206,0.9904270829484801,1.0521531048294142
2018-12-05,1.01369008286782,0.9881045529382206,0.9904270829484801,1.0521531048294142
2018-12-06,1.01369008286782,0.9881045529382206,0.9904270829484801,1.0521531048294142
2018-12-07,1.01369008286782,0.9881045529382206,0.9904270829484801,1.0521531048294142
2018-12-10,1.01369008286782,0.9881045529382206,0.9904270829484801,1.0521531048294142
2018-12-11,1.01369008286782,0.9881045529382206,0.9904270829484801,1.0521531048294142
2018-12-12,1.01369008286782,0.9881045529382206,0.9904270829484801,1.0521531048294142
2018-12-13,1.01369008286782,0.9881045529382206,0.9904270829484801,1.0521531048294142
2018-12-14,1.01369008286782,0.9881045529382206,0.9904270829484801,1.0521531048294142
2018-12-17,1.01369008286782,0.9881045529382206,0.9904270829484801,1.0521531048294142
2018-12-18,1.01369008286782,0.9881045529382206,0.9904270829484801,1.0521531048294142
2018-12-19,1.01369008286782,0.9881045529382206,0.9904270829484801,1.0521531048294142
2018-12-20,1.01369008286782,0.9881045529382206,0.9904270829484801,1.0521531048294142
2018-12-21,1.01369008286782,0.9881045529382206,0.9904270829484801,1.0521531048294142
2018-12-24,1.01369008286782,0.9881045529382206,0.9904270829484801,1.0521531048294142
2018-12-25,1.01369008286782,0.9881045529382206,0.9904270829484801,1.0521531048294142
2018-12-26,1.01369008286782,0.9881045529382206,0.9904270829484801,1.0521531048294142
2018-12-27,1.01369008286782,0.9881045529382206,0.9904270829484801,1.0521531048294142
2018-12-28,1.01369008286782,0.9881045529382206,0.9904270829484801,1.0521531048294142
2018-12-31,1.01369008286782,0.9881045529382206,0.9904270829484801,1.0521531048294142
2019-01-01,1.01369008286782,0.9881045529382206,0.9904270829484801,1.0521531048294142
2019-01-02,1.01369008286782,0.9881045529382206,0.9904270829484801,1.0521531048294142
2019-01-03,1.01369008286782,0.9881045529382206,0.9904270829484801,1.0521531048294142
2019-01-04,1.01369008286782,0.9881045529382206,0.9904270829484801,1.0521531048294142
2019-01-07,1.0135380293553897,0.9878575267999862,0.9901884775723583,1.0521531048214596
2019-01-08,1.0109458985828779,0.9836467722946287,0.9861212245959602,1.0521531046858337
2019-01-09,1.0150261005084458,0.990263475621716,0.992513426826559,1.0521531048998662
2019-01-10,1.0142020529885596,0.9889235689258665,0.991219296854559,1.0521531048568136
2019-01-11,1.0123946304600404,0.9859862798978516,0.9883822179647264,1.052153104762307
2019-01-14,1.0120249116640112,0.98538615545142,0.9878025049125376,1.0521531047429407
2019-01-15,1.0162074197012103,0.992173513923561,0.9943591573455398,1.052153104962106
2019-01-16,1.0196615401521603,0.997794228026629,0.9997874699823178,1.0521531051423587
2019-01-17,1.020036199651784,0.9984052691605069,1.0003774738488056,1.052153105161844
2019-01-18,1.0222822317241265,1.0020692735303123,1.0039152531041589,1.0521531052786128
2019-01-21,1.0205515303246078,0.9992418046893631,1.0011855535838579,1.0521531051888333
2019-01-22,1.020122634746131,0.9985419047184062,1.0005097855203107,1.0521531051665467
2019-01-23,1.0235021280974534,1.004055238137142,1.005833159914123,1.052153105342228
2019-01-24,1.0256104521766067,1.007502346806568,1.0091608358506494,1.0521531054514663
2019-01-25,1.028480610397602,1.012201484991737,1.0136965977251005,1.0521531055998716
2019-01-28,1.0256722264448273,1.0075949317605475,1.0092509523003703,1.0521531054550655
2019-01-29,1.0254330659892705,1.0072033562703737,1.0088729918112318,1.0521531054427
2019-01-30,1.0234643563232797,1.0039805049553623,1.0057621544222433,1.0521531053408875
2019-01-31,1.0285558201697673,1.0123047330407158,1.0137980019855135,1.0521531056047004
2019-02-01,1.0254234918179481,1.0071666699529636,1.0088394222116597,1.052153105443203
2019-02-04,1.030151759137082,1.0149068106337935,1.0163105688802352,1.0521531056877291
2019-02-05,1.030151759137082,1.0149068106337935,1.0163105688802352,1.0521531056877291
2019-02-06,1.030151759137082,1.0149068106337935,1.0163105688802352,1.0521531056877291
2019-02-07,1.030151759137082,1.0149068106337935,1.0163105688802352,1.0521531056877291
2019-02-08,1.0299972363732113,1.0146530839311352,1.0160657278720286,1.0521531056797746
2019-02-11,1.0263246879925998,1.008623354904232,1.0102471114651845,1.0521531054906892
2019-02-12,1.0336679588947975,1.0206510537081908,1.0218562194207585,1.0521531058701188
2019-02-13,1.033020763821736,1.0195859787203108,1.0208286518289051,1.0521531058369156
2019-02-14,1.0263616217078437,1.0086317491968695,1.0102597821807857,1.0521531054950655
2019-02-15,1.0238565747271173,1.0045287932397118,1.0062996015670072,1.0521531053656334
2019-02-18,1.0249241298933143,1.0062744640190104,1.0079847763899226,1.0521531054209272
2019-02-19,1.0307707980906484,1.0158415996650763,1.0172197819508548,1.0521531057234395
2019-02-20,1.0369194767577539,1.0259409731704647,1.0269652106030567,1.0521531060397737
2019-02-21,1.039749700884477,1.0306080711787886,1.0314671328160265,1.0521531061845184
2019-02-22,1.0398218127234364,1.0307272008808634,1.031582027416392,1.0521531061881964
2019-02-25,1.0458679271400182,1.0407159228467397,1.0412156064179117,1.0521531064965461
2019-02-26,1.045532550193214,1.0401597147449364,1.0406793611301988,1.0521531064795409
2019-02-27,1.0437221922755644,1.0371579568132796,1.0377852827595402,1.0521531063877174
2019-02-28,1.0467346968093973,1.0421472203521862,1.0425960767198237,1.05215310654078
2019-03-01,1.0396340641146926,1.0303646985599175,1.031237001588277,1.0521531061810416
2019-03-04,1.039128970392827,1.0295303813733254,1.03043233417295,1.0521531061552774
2019-03-05,1.0394798415361668,1.0301097648639022,1.0309911441293098,1.0521531061731835
2019-03-06,1.0344787067916554,1.021849675650904,1.023024528255755,1.0521531059180433
2019-03-07,1.0319026785571808,1.0176087093255726,1.018933037561553,1.052153105785988
2019-03-08,1.0316325567880702,1.0171647426115642,1.0185046538515823,1.0521531057721063
2019-03-11,1.0316325567880702,1.0171647426115642,1.0185046538515823,1.0521531057721063
2019-03-12,1.0316325567880702,1.0171647426115642,1.0185046538515823,1.0521531057721063
2019-03-13,1.0316325567880702,1.0171647426115642,1.0185046538515823,1.0521531057721063
2019-03-14,1.0312714853931944,1.0169104514259113,1.0182407711133907,1.051627029227175
2019-03-15,1.03258998240385,1.0178391201402814,1.0192044593153056,1.0535477747659647
2019-03-18,1.0335718546256254,1.0185304386246834,1.0199218707607454,1.0549789185007097
2019-03-19,1.0437481761130505,1.025693457916739,1.0273554327715764,1.0698176193290772
2019-03-20,1.0478892174229126,1.0286001791503618,1.0303727048579467,1.0758811493617324
2019-03-21,1.0650673082451605,1.0406443825992993,1.0428762679037553,1.1010768114207423
2019-03-22,1.0754462135714378,1.047887888272406,1.0503992010155776,1.1164051140432667
2019-03-25,1.093248779337369,1.060278155952448,1.0632706727255816,1.142805949758645
2019-03-26,1.094408897011198,1.0610818205183226,1.0641059040949608,1.14453838690912
2019-03-27,1.0913838773550961,1.0589868909615243,1.0619286287305196,1.1400189856471141
2019-03-28,1.095517321628107,1.0618517093883606,1.064905841013166,1.146187045659031
2019-03-29,1.095517321628107,1.0618517093883606,1.064905841013166,1.146187045659031
2019-04-01,1.095517321628107,1.0618517093883606,1.064905841013166,1.146187045659031
2019-04-02,1.095517321628107,1.0618517093883606,1.064905841013166,1.146187045659031
2019-04-03,1.095517321628107,1.0618517093883606,1.064905841013166,1.146187045659031
2019-04-04,1.095517321628107,1.0618517093883606,1.064905841013166,1.146187045659031
2019-04-05,1.095517321628107,1.0618517093883606,1.064905841013166,1.146187045659031
2019-04-08,1.095517321628107,1.0618517093883606,1.064905841013166,1.146187045659031
2019-04-09,1.095517321628107,1.0618517093883606,1.064905841013166,1.146187045659031
2019-04-10,1.095517321628107,1.0618517093883606,1.064905841013166,1.146187045659031
2019-04-11,1.095517321628107,1.0618517093883606,1.064905841013166,1.146187045659031
2019-04-12,1.095517321628107,1.0618517093883606,1.064905841013166,1.146187045659031
2019-04-15,1.095517321628107,1.0618517093883606,1.064905841013166,1.146187045659031
2019-04-16,1.0951338905655372,1.0615862464610135,1.0646299362657698,1.1456139521448672
2019-04-17,1.0859873584444828,1.0552531443195607,1.0580477853055306,1.131945180364733
2019-04-18,1.0807418345999207,1.0516123787542533,1.0542646724423295,1.1241344536318014
2019-04-19,1.0812072501476981,1.0519358581165885,1.0546007569535658,1.1248260283946856
2019-04-22,1.0952766305673416,1.0617133451160807,1.0647593607378922,1.1457359947546397
2019-04-23,1.0915471521952562,1.0591310640430638,1.0620755266901896,1.14016271578475
2019-04-24,1.0866399219823686,1.0557299937978049,1.0585410163791955,1.132840159473405
2019-04-25,1.0653340219786922,1.0409443904085296,1.0431771034087773,1.1011090821211418
2019-04-26,1.0656095360051394,1.0411366807233795,1.0433768116022228,1.1015158908053222
2019-04-29,1.0711467543718685,1.0450010023399803,1.0473902319930157,1.109692745357307
2019-04-30,1.074645645938558,1.047439207122009,1.0499228514935461,1.1148710334380707
2019-05-01,1.0742695199624797,1.0471773473202286,1.0496508286648882,1.1143135979297805
2019-05-02,1.082369693264884,1.0528172714294717,1.055509590309036,1.1263166154650182
2019-05-03,1.0941435547035427,1.060997553183459,1.0640089341810213,1.143819343373113
2019-05-06,1.0925038561886147,1.0598618207097954,1.0628285730731133,1.1413705672214
2019-05-07,1.0691298376278544,1.0436649312507913,1.045995882221594,1.1064855430261966
2019-05-08,1.0758635364201554,1.0483601549737205,1.0508726618412312,1.1164412231234748
2019-05-09,1.0664669935775226,1.0418199195673006,1.0440784212181675,1.1025112997634354
2019-05-10,1.0568717418256657,1.035124565074014,1.0371246244355499,1.0883405131725616
2019-05-13,1.0502952871450566,1.0305237569115921,1.0323473475721143,1.0786658401723548
2019-05-14,1.064933753279624,1.0407829718343258,1.0429983362169009,1.1001428113582994
2019-05-15,1.0697810787517836,1.0441668267286028,1.0465126709470145,1.1072965094511262
2019-05-16,1.0697810787517836,1.0441668267286028,1.0465126709470145,1.1072965094511262
2019-05-17,1.0697810787517836,1.0441668267286028,1.0465126709470145,1.1072965094511262
2019-05-20,1.0697810787517836,1.0441668267286028,1.0465126709470145,1.1072965094511262
2019-05-21,1.0694066553742205,1.0439057850219207,1.0462415316565679,1.1067428612047723
2019-05-22,1.0762465712010925,1.0486749367919712,1.0511951181474515,1.1168553151664773
2019-05-23,1.0748162909823367,1.0476794804810332,1.0501609941733239,1.1147349619167326
2019-05-24,1.0823570680915036,1.0529297580736112,1.055615025986458,1.1259075925022468
2019-05-27,1.095006518543232,1.0617194259439562,1.0647474608637415,1.1447053395794338
2019-05-28,1.0991840271150262,1.0646126520360986,1.0677544175893778,1.1509440712542611
2019-05-29,1.1038181551964648,1.0678186350100611,1.0710867546326015,1.1578759953368347
2019-05-30,1.091246849681937,1.0591319853168888,1.0620567615713188,1.1390374722435461
2019-05-31,1.1146000166734118,1.0753219100584337,1.0788815816981048,1.173860196758031
2019-06-03,1.1165468033594745,1.0765098516558211,1.0801363952836154,1.1770407266214182
2019-06-04,1.1238507063032375,1.0836602455714972,1.0873009930438724,1.1845625779515878
2019-06-05,1.1249063100975634,1.0853566688012755,1.0889412374397163,1.1845625780076665
2019-06-06,1.129073201354613,1.0920573204813493,1.0954196218845256,1.1845625782288238
2019-06-07,1.1369112247642064,1.1046924192394594,1.1076328770567152,1.1845625786432907
2019-06-10,1.1353413317852115,1.1021500793230006,1.1051764391582861,1.1845625785608487
2019-06-11,1.135522623814239,1.1024433993707243,1.105459872108343,1.1845625785703824
2019-06-12,1.136247521885034,1.103616367477516,1.1065932913811016,1.1845625786084966
2019-06-13,1.1389392296840584,1.107973711463243,1.1108035566058365,1.1845625787499325
2019-06-14,1.1437419854718827,1.1157606752988283,1.118326601816305,1.1845625790016976
2019-06-17,1.1417481875618083,1.1125189749112534,1.1151955649128062,1.1845625788976197
2019-06-18,1.139276499948821,1.1085049558840316,1.11131816369853,1.1845625787683702
2019-06-19,1.1406141802990322,1.110674205838812,1.1134138587078668,1.184562578838472
2019-06-20,1.1398518775445408,1.1094370507150235,1.112218737912185,1.18456257879857
2019-06-21,1.1350463554445696,1.101641557910551,1.1046878041883454,1.1845625785468616
2019-06-24,1.1341505049508958,1.1001924157253418,1.1032874820449832,1.1845625784997393
2019-06-25,1.132855371648638,1.0980984904625168,1.1012640019850009,1.1845625784315605
2019-06-26,1.133789450487001,1.099607524754756,1.1027223694479014,1.1845625784807887
2019-06-27,1.1354607448937422,1.102309037375322,1.1053330467349318,1.1845625785687974
2019-06-28,1.1336592055932022,1.099394136880666,1.1025164074713152,1.1845625784740699
2019-07-01,1.1330572137902335,1.098421142740145,1.1015761223193452,1.184562578442366
2019-07-02,1.1330572137902335,1.098421142740145,1.1015761223193452,1.184562578442366
2019-07-03,1.1330572137902335,1.098421142740145,1.1015761223193452,1.184562578442366
2019-07-04,1.1330572137902335,1.098421142740145,1.1015761223193452,1.184562578442366
2019-07-05,1.1330572137902335,1.098421142740145,1.1015761223193452,1.184562578442366
2019-07-08,1.1330572137902335,1.098421142740145,1.1015761223193452,1.184562578442366
2019-07-09,1.1330572137902335,1.098421142740145,1.1015761223193452,1.184562578442366
2019-07-10,1.1330572137902335,1.098421142740145,1.1015761223193452,1.184562578442366
2019-07-11,1.1330572137902335,1.098421142740145,1.1015761223193452,1.184562578442366
2019-07-12,1.1330572137902335,1.098421142740145,1.1015761223193452,1.184562578442366
2019-07-15,1.1330572137902335,1.098421142740145,1.1015761223193452,1.184562578442366
2019-07-16,1.1330572137902335,1.098421142740145,1.1015761223193452,1.184562578442366
2019-07-17,1.1330572137902335,1.098421142740145,1.1015761223193452,1.184562578442366
2019-07-18,1.1330572137902335,1.098421142740145,1.1015761223193452,1.184562578442366
2019-07-19,1.1330572137902335,1.098421142740145,1.1015761223193452,1.184562578442366
2019-07-22,1.1330572137902335,1.098421142740145,1.1015761223193452,1.184562578442366
2019-07-23,1.1330572137902335,1.098421142740145,1.1015761223193452,1.184562578442366
2019-07-24,1.1330572137902335,1.098421142740145,1.1015761223193452,1.184562578442366
2019-07-25,1.1330572137902335,1.098421142740145,1.1015761223193452,1.184562578442366
2019-07-26,1.1330572137902335,1.098421142740145,1.1015761223193452,1.184562578442366
2019-07-29,1.1330572137902335,1.098421142740145,1.1015761223193452,1.184562578442366
2019-07-30,1.1330572137902335,1.098421142740145,1.1015761223193452,1.184562578442366
2019-07-31,1.1330572137902335,1.098421142740145,1.1015761223193452,1.184562578442366
2019-08-01,1.1330572137902335,1.098421142740145,1.1015761223193452,1.184562578442366
2019-08-02,1.1330572137902335,1.098421142740145,1.1015761223193452,1.184562578442366
2019-08-05,1.1330572137902335,1.098421142740145,1.1015761223193452,1.184562578442366
2019-08-06,1.1330572137902335,1.098421142740145,1.1015761223193452,1.184562578442366
2019-08-07,1.1330572137902335,1.098421142740145,1.1015761223193452,1.184562578442366
2019-08-08,1.1330572137902335,1.098421142740145,1.1015761223193452,1.184562578442366
2019-08-09,1.1330572137902335,1.098421142740145,1.1015761223193452,1.184562578442366
2019-08-12,1.1330572137902335,1.098421142740145,1.1015761223193452,1.184562578442366
2019-08-13,1.1330572137902335,1.098421142740145,1.1015761223193452,1.184562578442366
2019-08-14,1.1330572137902335,1.098421142740145,1.1015761223193452,1.184562578442366
2019-08-15,1.1330572137902335,1.098421142740145,1.1015761223193452,1.184562578442366
2019-08-16,1.1330572137902335,1.098421142740145,1.1015761223193452,1.184562578442366
2019-08-19,1.132660643765407,1.09814653745446,1.1012907167275447,1.1839702971621004
2019-08-20,1.129270272870813,1.095798637099487,1.0988504949490925,1.1789075042758341
2019-08-21,1.125390571319846,1.093109560689427,1.0960558994803888,1.1731214552625824
2019-08-22,1.1214765597223422,1.090394031389825,1.093234065494926,1.1672928617708573
2019-08-23,1.1253392099717778,1.093076598620893,1.096021394672707,1.1730363663069328
2019-08-26,1.1241964021276167,1.0922837097491238,1.095197467714,1.1713345871852585
2019-08-27,1.1226529391027578,1.0912125322043313,1.0940843876874287,1.1690371853709483
2019-08-28,1.1245119065941753,1.0925031795329812,1.0954254748894392,1.1718025764438116
2019-08-29,1.1217968776652818,1.0906190746414364,1.0934676530915517,1.1677608510297712
2019-08-30,1.121224699135432,1.0902217345530358,1.093054792727947,1.166909961468876
2019-09-02,1.1201172485599067,1.0894525713537542,1.092255596271383,1.1652634263518087
2019-09-03,1.119725207522911,1.0891802082109159,1.091972605519736,1.1646807946474427
2019-09-04,1.1214747781596657,1.0903958111218655,1.0932356297698549,1.1672805285247572
2019-09-05,1.1218760506714756,1.0906744912736728,1.0935251931228338,1.1678771887588748
2019-09-06,1.1151127793664752,1.0859779401672138,1.088645183874754,1.157819201955256
2019-09-09,1.116405747031291,1.0868773587137504,1.0895795888591746,1.1597370384222996
2019-09-10,1.1151421391741485,1.0859986543961073,1.088666676402631,1.1578618205434594
2019-09-11,1.1101139842842473,1.0825009776344885,1.085032941256401,1.150403567616071
2019-09-12,1.1159579881803237,1.0865714347615176,1.08926124099662,1.1590551410126895
2019-09-13,1.1127696540252419,1.0843540235749733,1.0869575302059038,1.154324477727388
2019-09-16,1.120275765001443,1.0895786202180058,1.0923850598331362,1.1654479292367597
2019-09-17,1.1213454489228116,1.0903217438357573,1.0931571823160127,1.1670376665027253
2019-09-18,1.1213454489228116,1.0903217438357573,1.0931571823160127,1.1670376665027253
2019-09-19,1.1211772471054733,1.0900491633997984,1.0928938280669847,1.1670376664939022
2019-09-20,1.11995542036877,1.0880693229900842,1.0909809830664587,1.1670376664298008
2019-09-23,1.1169718911472701,1.0832383470406282,1.0863131727617896,1.1670376662731035
2019-09-24,1.115556200364886,1.0809501209369623,1.0841018727701626,1.1670376661985518
2019-09-25,1.1171352217962207,1.0835001843143235,1.0865663971742348,1.1670376662818103
2019-09-26,1.1132921464973586,1.0772879062280656,1.0805630165764375,1.1670376660794592
2019-09-27,1.1103811365952068,1.0729522240825387,1.076352608945501,1.1664541471220264
2019-09-30,1.1061373793755667,1.068851516138921,1.0722389050968413,1.1619960848899833
2019-10-01,1.104077303055353,1.0668608812148346,1.070241961480987,1.1598319770103507
2019-10-02,1.095960602353711,1.0590177796139344,1.0623740036345208,1.151305391964598
2019-10-03,1.0898215749194742,1.0530856875401573,1.056423111659275,1.1448563504832925
2019-10-04,1.0819932849026621,1.0455212748286293,1.0488347259190285,1.1366327405406884
2019-10-07,1.0767194895229149,1.0404252494229682,1.0437225502624414,1.1310926243688286
2019-10-08,1.0907280085003686,1.0539615669067557,1.0573017668502513,1.1458085579503312
2019-10-09,1.0899863810250914,1.0532449383340845,1.0565828671485438,1.1450294791136633
2019-10-10,1.097031842040222,1.0600529097744595,1.0634124143147654,1.152430728062007
2019-10-11,1.0947944611313567,1.0579967730081963,1.0613401128890583,1.1499077894635505
2019-10-14,1.0935957783737342,1.0564187832198098,1.0597953916578897,1.1493328355343404
2019-10-15,1.0980501756607177,1.0607217524292287,1.064112114354441,1.154014259114869
2019-10-16,1.0933895562771148,1.0562195716823368,1.0595955433849014,1.149116102961168
2019-10-18,1.08703981294452,1.0499806647517544,1.0533462707074839,1.1426141257573512
2019-10-21,1.0868666123673438,1.0498611677110012,1.0532220325602055,1.1423540466734787
2019-10-22,1.0868088748983709,1.0498213308297797,1.0531806153016197,1.1422673536455208
2019-10-23,1.0871553075998412,1.0500603611874368,1.053429127940473,1.1427875118132684
2019-10-24,1.0811801595164239,1.0459380259051239,1.049143225066106,1.133814783419684
2019-10-25,1.063154290052605,1.0334820984260764,1.0361949220391975,1.1068099052077411
2019-10-28,1.0577040317081274,1.0296977099165268,1.0322626625243843,1.0987041070897694
2019-10-29,1.0561076171929955,1.0285876070623188,1.0311093376816807,1.0963351117331284
2019-10-30,1.055737979526978,1.0283304601605532,1.0308421892161597,1.0957869441855506
2019-10-31,1.0594928788751714,1.0309429031350836,1.0335562168114547,1.1013545724364677
2019-11-01,1.062282984740067,1.0328821326730757,1.0355710387142063,1.1054979236926474
2019-11-04,1.0537769239853942,1.0269745339990457,1.029432739263632,1.0928520703802316
2019-11-05,1.0586127866514463,1.030340865752212,1.032929799964381,1.100016615261557
2019-11-06,1.0819889108060128,1.046592171438734,1.0498142180163543,1.1347171820327517
2019-11-07,1.0800299639361957,1.0452386993825584,1.0484072241064268,1.13178230822759
2019-11-08,1.0894286916855087,1.0517358167222737,1.0551609462574554,1.1458524385293587
2019-11-11,1.095690577946807,1.0560538401515074,1.0596505188134886,1.1552612986680586
2019-11-12,1.0954899994795921,1.0559157526392524,1.0595069239331705,1.154959179305844
2019-11-13,1.099803863884643,1.0588857721753286,1.062595382587508,1.1614563856700217
2019-11-14,1.099803863884643,1.0588857721753286,1.062595382587508,1.1614563856700217
2019-11-15,1.099803863884643,1.0588857721753286,1.062595382587508,1.1614563856700217
2019-11-18,1.099803863884643,1.0588857721753286,1.062595382587508,1.1614563856700217
2019-11-19,1.099803863884643,1.0588857721753286,1.062595382587508,1.1614563856700217
2019-11-20,1.099803863884643,1.0588857721753286,1.062595382587508,1.1614563856700217
2019-11-21,1.099803863884643,1.0588857721753286,1.062595382587508,1.1614563856700217
2019-11-22,1.099803863884643,1.0588857721753286,1.062595382587508,1.1614563856700217
2019-11-25,1.099803863884643,1.0588857721753286,1.062595382587508,1.1614563856700217
2019-11-27,1.099803863884643,1.0588857721753286,1.062595382587508,1.1614563856700217
2019-11-28,1.099803863884643,1.0588857721753286,1.062595382587508,1.1614563856700217
2019-11-29,1.099803863884643,1.0588857721753286,1.062595382587508,1.1614563856700217
2019-12-02,1.099803863884643,1.0588857721753286,1.062595382587508,1.1614563856700217
2019-12-03,1.099803863884643,1.0588857721753286,1.062595382587508,1.1614563856700217
2019-12-04,1.099803863884643,1.0588857721753286,1.062595382587508,1.1614563856700217
2019-12-05,1.099803863884643,1.0588857721753286,1.062595382587508,1.1614563856700217
2019-12-06,1.099803863884643,1.0588857721753286,1.062595382587508,1.1614563856700217
2019-12-09,1.099803863884643,1.0588857721753286,1.062595382587508,1.1614563856700217
2019-12-10,1.099803863884643,1.0588857721753286,1.062595382587508,1.1614563856700217
2019-12-11,1.099803863884643,1.0588857721753286,1.062595382587508,1.1614563856700217
2019-12-12,1.099803863884643,1.0588857721753286,1.062595382587508,1.1614563856700217
2019-12-13,1.099803863884643,1.0588857721753286,1.062595382587508,1.1614563856700217
2019-12-16,1.099803863884643,1.0588857721753286,1.062595382587508,1.1614563856700217
2019-12-17,1.0996388933050603,1.0586210507322849,1.0623393910306407,1.1614563856612408
2019-12-18,1.089161009915733,1.0418093076673687,1.0460819116419284,1.1614563851034467
2019-12-19,1.0893202559207817,1.0420631788715313,1.0463275570278068,1.1614563851120057
2019-12-20,1.096471637074052,1.0534650767330551,1.0573599181158744,1.1614563854963185
2019-12-23,1.0979431952096874,1.0558214761933138,1.0596390493008707,1.1614563855748836
2019-12-24,1.0909209761098906,1.0445667807949108,1.048754287817573,1.1614563852004758
2019-12-25,1.0918487614899983,1.0460473857287096,1.0501867871884614,1.1614563852502615
2019-12-26,1.08695097608417,1.0382268343234102,1.042620718580053,1.1614563849876658
2019-12-27,1.0853502855254236,1.0356786054886475,1.040154734687692,1.1614563849014579
2019-12-30,1.0728867118753946,1.0162018799675852,1.021286034465731,1.1608756560660392
2019-12-31,1.0792711805844857,1.0222490320414808,1.0273634410156551,1.1677837240095257
2020-01-01,1.0654874931728058,1.0091935911402223,1.0142426825038984,1.1528696170586872
2020-01-02,1.0660794306690127,1.0097542542464113,1.0148061506608448,1.1535101001792751
2020-01-03,1.0778336180936967,1.020887421640736,1.0259950183487845,1.1662282650023827
2020-01-06,1.0966487742231372,1.0387084989446012,1.0439052561945874,1.1865864784782207
2020-01-07,1.0902643055140464,1.0326613468707055,1.0378278496446633,1.1796784105347344
2020-01-08,1.0769457118493864,1.0200464269814529,1.0251498161133648,1.165267540321501
2020-01-09,1.0896300867681101,1.0320606363997886,1.0372241337622206,1.1789921786198185
2020-01-10,1.087304618033011,1.0298580313397607,1.0350105088599306,1.176475994931794
2020-01-13,1.1025203819433271,1.0443743500470828,1.0495899125261199,1.1927606213977273
2020-01-14,1.1064105544203744,1.0505160299331968,1.0555378765945498,1.192760621609848
2020-01-15,1.1064105544203744,1.0505160299331968,1.0555378765945498,1.192760621609848
2020-01-16,1.1064105544203744,1.0505160299331968,1.0555378765945498,1.192760621609848
2020-01-17,1.1064105544203744,1.0505160299331968,1.0555378765945498,1.192760621609848
2020-01-20,1.1062445928372113,1.0502534009257136,1.0552835852727638,1.1927606216008304
2020-01-21,1.106124731027817,1.0500637423369883,1.055099946107742,1.1927606215943167
2020-01-22,1.1057530654450958,1.0494756945009374,1.0545305581175137,1.1927606215741169
2020-01-23,1.1025014387145033,1.0443321361906368,1.0495501129800355,1.1927606213973327
2020-01-24,1.0930293340101764,1.0293782277530736,1.0350678322053528,1.1927606208808355
2020-01-27,1.091155005729834,1.0264362623007106,1.0322171479929383,1.192760620777746
2020-01-28,1.0908702489393827,1.0259898168764876,1.0317845094894145,1.1927606207620571
2020-01-29,1.08237412387996,1.0130137954404748,1.0191908353866301,1.1921642400135166
2020-01-30,1.0797692331230095,1.0105758304021504,1.0167380044032448,1.1892951233734717
2020-01-31,1.0762400262910123,1.0072727809953885,1.0134148140386585,1.1854079330869594
2020-02-03,1.1021208763923263,1.0314951433116422,1.0377848767122926,1.2139139951880509
2020-02-04,1.1024990056957547,1.031849041462367,1.0381409328227842,1.214330479861606
2020-02-05,1.1286319419993542,1.0563073358791037,1.062748366236746,1.2431141984117342
2020-02-06,1.1285479132652592,1.0562286918456094,1.0626692426566369,1.2430216462620554
2020-02-07,1.1115741089780335,1.0403425970797546,1.0466862794745782,1.2243261120269238
2020-02-10,1.1126664825212706,1.0413649695151808,1.0477148860159977,1.2255292899727488
2020-02-11,1.156487467351905,1.0823778329824743,1.0889778330429467,1.2737952360302793
2020-02-12,1.1722105669536746,1.0972031180415325,1.1038834829023916,1.2909194661540027
2020-02-13,1.1704465811488716,1.094451265004524,1.1012155239270145,1.2909194660560905
2020-02-14,1.1614185056111659,1.0803814377950671,1.0875733880772511,1.2909194655542218
2020-02-17,1.1589789086082498,1.0765991444114202,1.0839043317428,1.2909194654175509
2020-02-18,1.1589789086082498,1.0765991444114202,1.0839043317428,1.2909194654175509
2020-02-19,1.1589789086082498,1.0765991444114202,1.0839043317428,1.2909194654175509
2020-02-20,1.1589789086082498,1.0765991444114202,1.0839043317428,1.2909194654175509
2020-02-21,1.1589789086082498,1.0765991444114202,1.0839043317428,1.2909194654175509
2020-02-24,1.158573265990237,1.0763299946253173,1.0836235047068936,1.2902740056946018
2020-02-25,1.1734329835331139,1.0861906199876603,1.0939118465983666,1.3139152838455008
2020-02-26,1.198773743756476,1.1029454243244297,1.1113991801381693,1.3544503294589527
2020-02-27,1.1890814552123583,1.0965757812045074,1.1047473813375506,1.3388061010110255
2020-02-28,1.201977302398918,1.1050704976459294,1.113616514445129,1.3595484486373415
2020-03-02,1.217134032472181,1.1150238917095023,1.124011522545671,1.3840394132989084
2020-03-03,1.212826526958394,1.1122052259906887,1.1210668424607586,1.3770419948260473
2020-03-04,1.2233651887330605,1.1191083182067392,1.1282778874786614,1.39413568852535
2020-03-05,1.228952853202447,1.1227593724840421,1.1320926736328212,1.4032323325390819
2020-03-06,1.24488656072037,1.1331571440546868,1.142958018573574,1.4292227440043397
2020-03-09,1.2448772812110007,1.1331511107210557,1.1429517118262045,1.4292075246191684
2020-03-10,1.2448772812110007,1.1331511107210557,1.1429517118262045,1.4292075246191684
2020-03-11,1.2448772812110007,1.1331511107210557,1.1429517118262045,1.4292075246191684
2020-03-12,1.2448772812110007,1.1331511107210557,1.1429517118262045,1.4292075246191684
2020-03-13,1.2448772812110007,1.1331511107210557,1.1429517118262045,1.4292075246191684
2020-03-16,1.2448772812110007,1.1331511107210557,1.1429517118262045,1.4292075246191684
2020-03-17,1.2448772812110007,1.1331511107210557,1.1429517118262045,1.4292075246191684
2020-03-18,1.2448772812110007,1.1331511107210557,1.1429517118262045,1.4292075246191684
2020-03-19,1.2448772812110007,1.1331511107210557,1.1429517118262045,1.4292075246191684
2020-03-20,1.2448772812110007,1.1331511107210557,1.1429517118262045,1.4292075246191684
2020-03-23,1.2448772812110007,1.1331511107210557,1.1429517118262045,1.4292075246191684
2020-03-24,1.2448772812110007,1.1331511107210557,1.1429517118262045,1.4292075246191684
2020-03-25,1.2448772812110007,1.1331511107210557,1.1429517118262045,1.4292075246191684
2020-03-26,1.2448772812110007,1.1331511107210557,1.1429517118262045,1.4292075246191684
2020-03-27,1.2448772812110007,1.1331511107210557,1.1429517118262045,1.4292075246191684
2020-03-30,1.2448772812110007,1.1331511107210557,1.1429517118262045,1.4292075246191684
2020-03-31,1.2448772812110007,1.1331511107210557,1.1429517118262045,1.4292075246191684
2020-04-01,1.2448772812110007,1.1331511107210557,1.1429517118262045,1.4292075246191684
2020-04-02,1.2448772812110007,1.1331511107210557,1.1429517118262045,1.4292075246191684
2020-04-03,1.2448772812110007,1.1331511107210557,1.1429517118262045,1.4292075246191684
2020-04-06,1.2448772812110007,1.1331511107210557,1.1429517118262045,1.4292075246191684
2020-04-07,1.2448772812110007,1.1331511107210557,1.1429517118262045,1.4292075246191684
2020-04-08,1.2448772812110007,1.1331511107210557,1.1429517118262045,1.4292075246191684
2020-04-09,1.2448772812110007,1.1331511107210557,1.1429517118262045,1.4292075246191684
2020-04-10,1.2448772812110007,1.1331511107210557,1.1429517118262045,1.4292075246191684
2020-04-13,1.2448772812110007,1.1331511107210557,1.1429517118262045,1.4292075246191684
2020-04-14,1.2448772812110007,1.1331511107210557,1.1429517118262045,1.4292075246191684
2020-04-15,1.2448772812110007,1.1331511107210557,1.1429517118262045,1.4292075246191684
2020-04-16,1.2448772812110007,1.1331511107210557,1.1429517118262045,1.4292075246191684
2020-04-17,1.2448772812110007,1.1331511107210557,1.1429517118262045,1.4292075246191684
2020-04-20,1.2448772812110007,1.1331511107210557,1.1429517118262045,1.4292075246191684
2020-04-21,1.2448772812110007,1.1331511107210557,1.1429517118262045,1.4292075246191684
2020-04-22,1.2448772812110007,1.1331511107210557,1.1429517118262045,1.4292075246191684
2020-04-23,1.2448772812110007,1.1331511107210557,1.1429517118262045,1.4292075246191684
2020-04-24,1.2448772812110007,1.1331511107210557,1.1429517118262045,1.4292075246191684
2020-04-27,1.2448772812110007,1.1331511107210557,1.1429517118262045,1.4292075246191684
2020-04-28,1.2448772812110007,1.1331511107210557,1.1429517118262045,1.4292075246191684
2020-04-29,1.2448772812110007,1.1331511107210557,1.1429517118262045,1.4292075246191684
2020-04-30,1.2448772812110007,1.1331511107210557,1.1429517118262045,1.4292075246191684
2020-05-01,1.2448772812110007,1.1331511107210557,1.1429517118262045,1.4292075246191684
2020-05-04,1.2448772812110007,1.1331511107210557,1.1429517118262045,1.4292075246191684
2020-05-05,1.2448772812110007,1.1331511107210557,1.1429517118262045,1.4292075246191684
2020-05-06,1.2448772812110007,1.1331511107210557,1.1429517118262045,1.4292075246191684
2020-05-07,1.2448772812110007,1.1331511107210557,1.1429517118262045,1.4292075246191684
2020-05-08,1.2448772812110007,1.1331511107210557,1.1429517118262045,1.4292075246191684
2020-05-11,1.2448772812110007,1.1331511107210557,1.1429517118262045,1.4292075246191684
2020-05-12,1.2448772812110007,1.1331511107210557,1.1429517118262045,1.4292075246191684
2020-05-13,1.2448772812110007,1.1331511107210557,1.1429517118262045,1.4292075246191684
2020-05-14,1.2448772812110007,1.1331511107210557,1.1429517118262045,1.4292075246191684
2020-05-15,1.2448772812110007,1.1331511107210557,1.1429517118262045,1.4292075246191684
2020-05-18,1.2448772812110007,1.1331511107210557,1.1429517118262045,1.4292075246191684
2020-05-19,1.2448772812110007,1.1331511107210557,1.1429517118262045,1.4292075246191684
2020-05-20,1.2448772812110007,1.1331511107210557,1.1429517118262045,1.4292075246191684
2020-05-21,1.2448772812110007,1.1331511107210557,1.1429517118262045,1.4292075246191684
2020-05-22,1.2448772812110007,1.1331511107210557,1.1429517118262045,1.4292075246191684
2020-05-25,1.2448772812110007,1.1331511107210557,1.1429517118262045,1.4292075246191684
2020-05-26,1.2448772812110007,1.1331511107210557,1.1429517118262045,1.4292075246191684
2020-05-27,1.2448772812110007,1.1331511107210557,1.1429517118262045,1.4292075246191684
2020-05-28,1.2448772812110007,1.1331511107210557,1.1429517118262045,1.4292075246191684
2020-05-29,1.2448772812110007,1.1331511107210557,1.1429517118262045,1.4292075246191684
2020-06-01,1.2446905496188192,1.1328678229433755,1.142676361497256,1.4292075246083633
2020-06-02,1.2442157285974536,1.13214755093557,1.141976264448127,1.4292075245808837
2020-06-03,1.246327925059794,1.1353507977640351,1.1450898597214891,1.4292075247031713
2020-06-04,1.2485238466017492,1.1386847802368079,1.1483301992614052,1.4292075248300904
2020-06-05,1.2477119263322998,1.1374506277933654,1.1471308386379082,1.4292075247832459
2020-06-08,1.2464659631262567,1.1355575337211796,1.1452910399509197,1.429207524711312
2020-06-09,1.2468340529167388,1.1361164300288646,1.1458342348327364,1.4292075247325846
2020-06-10,1.2469128750041636,1.1362361346363905,1.1459505744227423,1.4292075247371385
2020-06-11,1.2472149817788931,1.1366949539610969,1.1463964941645943,1.4292075247545915
2020-06-12,1.2454164926991405,1.1339630893780384,1.1437414741851728,1.4292075246507168
2020-06-16,1.2500793952736036,1.1410391150018673,1.150619060613519,1.429207524920419
2020-06-17,1.2478855862439788,1.1377016977637964,1.1473759687916938,1.4292075247940024
2020-06-18,1.249183691456106,1.1396741762773093,1.149292903553685,1.4292075248689362
2020-06-19,1.2493406569461318,1.139912851497472,1.1495248432358731,1.4292075248779876
2020-06-22,1.249680649170128,1.140429872887098,1.1500272701905092,1.429207524897591
2020-06-23,1.2516408983758118,1.143411336930131,1.1529245259739973,1.429207525010585
2020-06-24,1.251823188818047,1.143688883200972,1.1531942076813464,1.429207525021076
2020-06-25,1.250079001510738,1.1410330134112014,1.1506136175027972,1.4292075249207086
2020-06-26,1.249465236139845,1.1400993036885478,1.149706296656391,1.4292075248853409
2020-06-29,1.2498443769983578,1.1406758946656148,1.1502666084709359,1.4292075249071992
2020-06-30,1.253613487395544,1.1464090529338584,1.1558377974239396,1.429207525124432
2020-07-01,1.253613487395544,1.1464090529338584,1.1558377974239396,1.429207525124432
2020-07-02,1.2534254453724347,1.146122450670625,1.1555593426874544,1.429207525113627
2020-07-03,1.2520686912564514,1.1440547750354162,1.1535504286557456,1.4292075250356537
2020-07-06,1.2515375681738727,1.1432459350958306,1.152764523634697,1.4292075250050968
2020-07-07,1.2506039397341366,1.141824527613066,1.15138338509971,1.4292075249513598
2020-07-08,1.2483437338810701,1.1383851780336478,1.1480413222021049,1.4292075248211717
2020-07-09,1.2426953361301505,1.1298004000530744,1.1396984601214537,1.4292075244952347
2020-07-10,1.2455432162327547,1.1341156654090558,1.1438932813054263,1.4292075246603169
2020-07-13,1.2482317220518726,1.1381956477095059,1.147858837855478,1.4292075248158043
2020-07-14,1.2472399917921666,1.1366884715373289,1.1463941223135397,1.429207524758572
2020-07-15,1.243945510698582,1.131684357515677,1.1415307513142445,1.4292075245682978
2020-07-16,1.2469710752316356,1.1362718897203476,1.1459899737547272,1.4292075247435032
2020-07-17,1.2451921172306757,1.133570169782553,1.1433642043023695,1.4292075246407365
2020-07-20,1.2444046577882362,1.1323753869032545,1.142202908431215,1.4292075245951816
2020-07-21,1.244772682261898,1.1329335411621935,1.1427454397228838,1.4292075246164855
2020-07-23,1.2419224588573308,1.1286099757154593,1.1385429679191192,1.4292075244515434
2020-07-24,1.2415527080721036,1.1280499509171318,1.1379985523864873,1.4292075244300968
2020-07-27,1.243019525115274,1.1302711519487043,1.140157882064051,1.4292075245152016
2020-07-28,1.243480764999845,1.1309701569725266,1.1408373678189354,1.4292075245419311
2020-07-29,1.241334562493545,1.1277168014807413,1.1376749312590035,1.4292075244176015
2020-07-30,1.2382939119623917,1.123112895336743,1.1331992174604792,1.429207524241152
2020-07-31,1.2395567510323213,1.125021853609185,1.1350552987640483,1.4292075243146147
2020-08-03,1.2395567510323213,1.125021853609185,1.1350552987640483,1.4292075243146147
2020-08-04,1.2395567510323213,1.125021853609185,1.1350552987640483,1.4292075243146147
2020-08-05,1.2395567510323213,1.125021853609185,1.1350552987640483,1.4292075243146147
2020-08-06,1.2395567510323213,1.125021853609185,1.1350552987640483,1.4292075243146147
2020-08-07,1.23912290616946,1.1247405981457828,1.1347612191060867,1.4284929205632628
2020-08-10,1.2489645809257168,1.1311214543701997,1.1414329577980873,1.4447011161612777
2020-08-11,1.2472336602599425,1.1300017374401174,1.1402619565212728,1.4418408463503487
2020-08-12,1.2422623200395906,1.1267845472321307,1.1368975364339167,1.4336308126335466
2020-08-13,1.2405273937225325,1.1256605103306578,1.135722181681845,1.430770542822284
2020-08-14,1.2404630986554805,1.125618837721805,1.1356786080938712,1.4306646069033453
2020-08-17,1.2516828370857482,1.132890977195424,1.14328247047163,1.449150424758196
2020-08-18,1.2553977625717443,1.1352926613460632,1.1457942948681534,1.455294708055472
2020-08-19,1.2746845103636106,1.147750922943728,1.158824889253651,1.487234387607373
2020-08-20,1.2810084491161446,1.1518182075378194,1.1630807036655821,1.4977750115356723
2020-08-21,1.270797839592889,1.1452604466430116,1.1562180916832834,1.480720149601601
2020-08-24,1.270797839592889,1.1452604466430116,1.1562180916832834,1.480720149601601
2020-08-25,1.270797839592889,1.1452604466430116,1.1562180916832834,1.480720149601601
2020-08-26,1.270797839592889,1.1452604466430116,1.1562180916832834,1.480720149601601
2020-08-27,1.270797839592889,1.1452604466430116,1.1562180916832834,1.480720149601601
2020-08-28,1.2703530603490314,1.1449741315313509,1.1559185289912266,1.479979789537995
2020-08-31,1.2705175164709142,1.1450800064880318,1.1560293016938596,1.480253494924731
2020-09-01,1.2713726408671926,1.1456305053632339,1.1566052684293935,1.4816767629357548
2020-09-02,1.2780143851099466,1.149905403986712,1.161078015835606,1.4927344605597046
2020-09-03,1.2934992196414778,1.1598572788387735,1.17149188575612,1.5185722490642575
2020-09-04,1.285633125472071,1.1548191474772482,1.1662182251724202,1.5053796494286742
2020-09-07,1.282786032477844,1.152992433553057,1.1643064168725408,1.500617175700675
2020-09-08,1.2982470365682637,1.1629186077885847,1.1746943867920066,1.5264549642032446
2020-09-09,1.3279047649905467,1.1817283523115407,1.1944066779440876,1.5765977910186026
2020-09-10,1.328411933228278,1.182179691219059,1.1948628590995125,1.577199942877955
2020-09-11,1.3450924936999618,1.1971437916670098,1.2099765042397985,1.5967648421397946
2020-09-14,1.348756653967545,1.2025790148165398,1.2152702820267944,1.59676484235903
2020-09-15,1.3482345368886892,1.2018031310418271,1.2145147138892407,1.5967648423278753
2020-09-16,1.351053768605348,1.2059915238517207,1.2185935341081664,1.5967648424961636
2020-09-17,1.3527234258153344,1.2084755015311828,1.221012223008452,1.5967648425956225
2020-09-18,1.3548659126455145,1.211665538751917,1.2241181813012771,1.5967648427230892
2020-09-21,1.3550290675973635,1.2119087230045515,1.224354933352025,1.596764842732781
2020-09-22,1.3546620720629556,1.2113616682093344,1.2238223519926592,1.5967648427109837
2020-09-23,1.3451957587882988,1.197253439945049,1.2100871598151595,1.5967648421485927
2020-09-24,1.341558973379568,1.1918587432841123,1.2048328545917932,1.5967648419310119
2020-09-25,1.3372171484112638,1.185429852030272,1.1985702383030319,1.5967648416705458
2020-09-28,1.339124186743788,1.1882474699105914,1.2013155232773187,1.5967648417853202
2020-09-29,1.3377265967071794,1.1861805931147824,1.1993018802206656,1.5967648417013265
2020-09-30,1.3420977333611084,1.1926405048803925,1.205595811473058,1.596764841964302
2020-10-01,1.3442946264288058,1.1958942466314562,1.2087653275877386,1.5967648420960407
2020-10-02,1.3477159636027154,1.2009669905592935,1.2137062708387072,1.596764842300869
2020-10-05,1.3553032345237537,1.212235514702713,1.22468032939526,1.5967648427539498
2020-10-06,1.3541750611362753,1.2105537116786045,1.2230430282084503,1.596764842686957
2020-10-08,1.3600837745366656,1.2193571216455126,1.2316139258447896,1.5967648430381183
2020-10-09,1.3600837745366656,1.2193571216455126,1.2316139258447896,1.5967648430381183
2020-10-12,1.3600837745366656,1.2193571216455126,1.2316139258447896,1.5967648430381183
2020-10-13,1.3600837745366656,1.2193571216455126,1.2316139258447896,1.5967648430381183
2020-10-14,1.3600837745366656,1.2193571216455126,1.2316139258447896,1.5967648430381183
2020-10-15,1.3600837745366656,1.2193571216455126,1.2316139258447896,1.5967648430381183
2020-10-16,1.3600837745366656,1.2193571216455126,1.2316139258447896,1.5967648430381183
2020-10-19,1.3600837745366656,1.2193571216455126,1.2316139258447896,1.5967648430381183
2020-10-20,1.3600837745366656,1.2193571216455126,1.2316139258447896,1.5967648430381183
2020-10-21,1.3600837745366656,1.2193571216455126,1.2316139258447896,1.5967648430381183
2020-10-22,1.3600837745366656,1.2193571216455126,1.2316139258447896,1.5967648430381183
2020-10-23,1.3600837745366656,1.2193571216455126,1.2316139258447896,1.5967648430381183
2020-10-26,1.3600837745366656,1.2193571216455126,1.2316139258447896,1.5967648430381183
2020-10-27,1.3600837745366656,1.2193571216455126,1.2316139258447896,1.5967648430381183
2020-10-28,1.3600837745366656,1.2193571216455126,1.2316139258447896,1.5967648430381183
2020-10-29,1.3598797619704852,1.2190522823651013,1.231317215759744,1.5967648430260464
2020-10-30,1.3587770148343785,1.217404702372202,1.2297135574544245,1.5967648429607837
2020-11-02,1.358908543327038,1.217601108654851,1.2299047372842196,1.596764842968574
2020-11-03,1.3575804055016458,1.2156177251316245,1.2279741437424687,1.5967648428899162
2020-11-04,1.357672665261898,1.215755412003828,1.2281081738732176,1.5967648428953856
2020-11-05,1.3582788475700582,1.2166601089908895,1.2289888399403244,1.5967648429313188
2020-11-06,1.3490244375115028,1.2028442522902918,1.2155403290539086,1.596764842382981
2020-11-09,1.350549565135809,1.2051106938089373,1.2177474300208133,1.596764842473967
2020-11-10,1.3600899202065033,1.2192989721898593,1.2315632826140375,1.5967648430424826
2020-11-11,1.3622429583041276,1.222515912850077,1.2346944571995346,1.5967648431698833
2020-11-12,1.3623868387855766,1.2227311169699298,1.2349039037767149,1.5967648431783836
2020-11-13,1.3593137857657596,1.2181343834474865,1.2304301792819352,1.5967648429968497
2020-11-16,1.3542393648633846,1.210555404208113,1.2230530023631194,1.5967648426964114
2020-11-17,1.3508044755688138,1.2054379881068873,1.2180707118528984,1.596764842492282
2020-11-18,1.3490834506073484,1.202878292625969,1.2155782206313406,1.5967648423897445
2020-11-19,1.3513047147692292,1.2061791885556108,1.218792700893287,1.5967648425222547
2020-11-20,1.3529443025626984,1.208618357965586,1.221167777855837,1.5967648426199044
2020-11-23,1.3532500276548118,1.2090735441819476,1.2216109709258323,1.5967648426380905
2020-11-24,1.3532633130467975,1.209093327439101,1.2216302326744508,1.5967648426388805
2020-11-25,1.348958944643769,1.2026836569968375,1.215389531944923,1.5967648423828948
2020-11-26,1.3571981503061887,1.2149266265798797,1.2273120657107062,1.5967648428744532
2020-11-27,1.3571981503061887,1.2149266265798797,1.2273120657107062,1.5967648428744532
2020-11-30,1.3571981503061887,1.2149266265798797,1.2273120657107062,1.5967648428744532
2020-12-01,1.3571981503061887,1.2149266265798797,1.2273120657107062,1.5967648428744532
2020-12-02,1.3571981503061887,1.2149266265798797,1.2273120657107062,1.5967648428744532
2020-12-03,1.3569945705836428,1.2146228949232347,1.227016391993681,1.5967648428623813
2020-12-04,1.361266598519146,1.220995928206611,1.2332204063869612,1.5967648431157448
2020-12-07,1.3647878911017772,1.2262600010317455,1.2383438986441535,1.5967648433239288
2020-12-08,1.3722609894415596,1.237450948281497,1.249234284400886,1.5967648437646094
2020-12-09,1.373951297438114,1.2399913703165153,1.251705664137281,1.596764843863742
2020-12-10,1.3757625484618958,1.2427157944441558,1.2543558478529309,1.5967648439698372
2020-12-11,1.384690751668782,1.2561570906348989,1.2674298273805589,1.5967648444921239
2020-12-14,1.3742765397168095,1.2404112328551269,1.2521202217931415,1.5967648438868358
2020-12-15,1.3794579014075943,1.2482056602708043,1.2597021953370544,1.5967648441902655
2020-12-16,1.372626062908079,1.237902652260134,1.2496822930903582,1.5967648437916837
2020-12-17,1.370128620933725,1.2341487893455092,1.2460304741211756,1.596764843645253
2020-12-21,1.3722820481477414,1.2373816361849916,1.2491757879241223,1.5967648437717434
2020-12-22,1.3765984324066074,1.2438684156628308,1.255486330979101,1.596764844024886
2020-12-23,1.3785154212129986,1.246755340628645,1.2582942899207652,1.5967648441369588
2020-12-24,1.3775412936277964,1.2452869750345,1.256866208737152,1.5967648440800877
2020-12-25,1.379004899978636,1.2474921236008976,1.2590109512846976,1.596764844165596
2020-12-28,1.37423809270516,1.2403051119999031,1.25202126393759,1.5967648438874003
2020-12-29,1.3790437954735837,1.2475340118318272,1.2590531704243226,1.5967648441688387
2020-12-30,1.3811028148044417,1.2506384535407562,1.2620723774570266,1.5967648442890017
2020-12-31,1.3813515277190473,1.251013817744352,1.2624374028240302,1.5967648443034947
2021-01-01,1.3843249223091694,1.255501883288864,1.2668018038164672,1.59676484447673
2021-01-04,1.3843249223091694,1.255501883288864,1.2668018038164672,1.59676484447673
2021-01-06,1.3843249223091694,1.255501883288864,1.2668018038164672,1.59676484447673
2021-01-07,1.3843249223091694,1.255501883288864,1.2668018038164672,1.59676484447673
2021-01-08,1.3843249223091694,1.255501883288864,1.2668018038164672,1.59676484447673
2021-01-11,1.3843249223091694,1.255501883288864,1.2668018038164672,1.59676484447673
2021-01-12,1.3843249223091694,1.255501883288864,1.2668018038164672,1.59676484447673
2021-01-13,1.3843249223091694,1.255501883288864,1.2668018038164672,1.59676484447673
2021-01-14,1.3843249223091694,1.255501883288864,1.2668018038164672,1.59676484447673
2021-01-15,1.3843249223091694,1.255501883288864,1.2668018038164672,1.59676484447673
2021-01-18,1.3843249223091694,1.255501883288864,1.2668018038164672,1.59676484447673
2021-01-19,1.3843249223091694,1.255501883288864,1.2668018038164672,1.59676484447673
2021-01-20,1.3843249223091694,1.255501883288864,1.2668018038164672,1.59676484447673
2021-01-21,1.3843249223091694,1.255501883288864,1.2668018038164672,1.59676484447673
2021-01-22,1.3843249223091694,1.255501883288864,1.2668018038164672,1.59676484447673
2021-01-25,1.3843249223091694,1.255501883288864,1.2668018038164672,1.59676484447673
2021-01-26,1.3843249223091694,1.255501883288864,1.2668018038164672,1.59676484447673
2021-01-27,1.3843249223091694,1.255501883288864,1.2668018038164672,1.59676484447673
2021-01-28,1.3843249223091694,1.255501883288864,1.2668018038164672,1.59676484447673
2021-01-29,1.3843249223091694,1.255501883288864,1.2668018038164672,1.59676484447673
2021-02-01,1.3843249223091694,1.255501883288864,1.2668018038164672,1.59676484447673
2021-02-02,1.3843249223091694,1.255501883288864,1.2668018038164672,1.59676484447673
2021-02-03,1.3843249223091694,1.255501883288864,1.2668018038164672,1.59676484447673
2021-02-04,1.3843249223091694,1.255501883288864,1.2668018038164672,1.59676484447673
2021-02-05,1.3843249223091694,1.255501883288864,1.2668018038164672,1.59676484447673
2021-02-08,1.3843249223091694,1.255501883288864,1.2668018038164672,1.59676484447673
2021-02-09,1.3843249223091694,1.255501883288864,1.2668018038164672,1.59676484447673
2021-02-10,1.3843249223091694,1.255501883288864,1.2668018038164672,1.59676484447673
2021-02-11,1.3843249223091694,1.255501883288864,1.2668018038164672,1.59676484447673
2021-02-12,1.3843249223091694,1.255501883288864,1.2668018038164672,1.59676484447673
2021-02-15,1.3843249223091694,1.255501883288864,1.2668018038164672,1.59676484447673
2021-02-16,1.3843249223091694,1.255501883288864,1.2668018038164672,1.59676484447673
2021-02-17,1.3843249223091694,1.255501883288864,1.2668018038164672,1.59676484447673
2021-02-18,1.3843249223091694,1.255501883288864,1.2668018038164672,1.59676484447673
2021-02-19,1.3843249223091694,1.255501883288864,1.2668018038164672,1.59676484447673
2021-02-22,1.3843249223091694,1.255501883288864,1.2668018038164672,1.59676484447673
2021-02-23,1.3843249223091694,1.255501883288864,1.2668018038164672,1.59676484447673
2021-02-24,1.3843249223091694,1.255501883288864,1.2668018038164672,1.59676484447673
2021-02-25,1.3843249223091694,1.255501883288864,1.2668018038164672,1.59676484447673
2021-02-26,1.3843249223091694,1.255501883288864,1.2668018038164672,1.59676484447673
2021-03-01,1.3843249223091694,1.255501883288864,1.2668018038164672,1.59676484447673
2021-03-02,1.3843249223091694,1.255501883288864,1.2668018038164672,1.59676484447673
2021-03-03,1.3843249223091694,1.255501883288864,1.2668018038164672,1.59676484447673
2021-03-04,1.3843249223091694,1.255501883288864,1.2668018038164672,1.59676484447673
2021-03-05,1.3843249223091694,1.255501883288864,1.2668018038164672,1.59676484447673
2021-03-08,1.3843249223091694,1.255501883288864,1.2668018038164672,1.59676484447673
2021-03-09,1.3843249223091694,1.255501883288864,1.2668018038164672,1.59676484447673
2021-03-10,1.3843249223091694,1.255501883288864,1.2668018038164672,1.59676484447673
2021-03-11,1.3843249223091694,1.255501883288864,1.2668018038164672,1.59676484447673
2021-03-12,1.3843249223091694,1.255501883288864,1.2668018038164672,1.59676484447673
2021-03-15,1.3843249223091694,1.255501883288864,1.2668018038164672,1.59676484447673
2021-03-16,1.3843249223091694,1.255501883288864,1.2668018038164672,1.59676484447673
2021-03-17,1.3843249223091694,1.255501883288864,1.2668018038164672,1.59676484447673
2021-03-18,1.3843249223091694,1.255501883288864,1.2668018038164672,1.59676484447673
2021-03-19,1.3843249223091694,1.255501883288864,1.2668018038164672,1.59676484447673
2021-03-22,1.3843249223091694,1.255501883288864,1.2668018038164672,1.59676484447673
2021-03-23,1.3843249223091694,1.255501883288864,1.2668018038164672,1.59676484447673
2021-03-24,1.3843249223091694,1.255501883288864,1.2668018038164672,1.59676484447673
2021-03-25,1.3843249223091694,1.255501883288864,1.2668018038164672,1.59676484447673
2021-03-26,1.3843249223091694,1.255501883288864,1.2668018038164672,1.59676484447673
2021-03-29,1.3843249223091694,1.255501883288864,1.2668018038164672,1.59676484447673
2021-03-30,1.3843249223091694,1.255501883288864,1.2668018038164672,1.59676484447673
2021-03-31,1.3843249223091694,1.255501883288864,1.2668018038164672,1.59676484447673
2021-04-01,1.3843249223091694,1.255501883288864,1.2668018038164672,1.59676484447673
2021-04-02,1.3843249223091694,1.255501883288864,1.2668018038164672,1.59676484447673
2021-04-05,1.3843249223091694,1.255501883288864,1.2668018038164672,1.59676484447673
2021-04-06,1.3843249223091694,1.255501883288864,1.2668018038164672,1.59676484447673
2021-04-07,1.3843249223091694,1.255501883288864,1.2668018038164672,1.59676484447673
2021-04-08,1.3843249223091694,1.255501883288864,1.2668018038164672,1.59676484447673
2021-04-09,1.3843249223091694,1.255501883288864,1.2668018038164672,1.59676484447673
2021-04-12,1.3843249223091694,1.255501883288864,1.2668018038164672,1.59676484447673
2021-04-13,1.3843249223091694,1.255501883288864,1.2668018038164672,1.59676484447673
2021-04-14,1.3843249223091694,1.255501883288864,1.2668018038164672,1.59676484447673
2021-04-15,1.3843249223091694,1.255501883288864,1.2668018038164672,1.59676484447673
2021-04-16,1.3843249223091694,1.255501883288864,1.2668018038164672,1.59676484447673
2021-04-19,1.3843249223091694,1.255501883288864,1.2668018038164672,1.59676484447673
2021-04-20,1.3843249223091694,1.255501883288864,1.2668018038164672,1.59676484447673
2021-04-21,1.3843249223091694,1.255501883288864,1.2668018038164672,1.59676484447673
2021-04-22,1.3843249223091694,1.255501883288864,1.2668018038164672,1.59676484447673
2021-04-23,1.3843249223091694,1.255501883288864,1.2668018038164672,1.59676484447673
2021-04-26,1.3843249223091694,1.255501883288864,1.2668018038164672,1.59676484447673
2021-04-27,1.3843249223091694,1.255501883288864,1.2668018038164672,1.59676484447673
2021-04-28,1.3843249223091694,1.255501883288864,1.2668018038164672,1.59676484447673
2021-04-29,1.3843249223091694,1.255501883288864,1.2668018038164672,1.59676484447673
2021-04-30,1.3843249223091694,1.255501883288864,1.2668018038164672,1.59676484447673
2021-05-03,1.3843249223091694,1.255501883288864,1.2668018038164672,1.59676484447673
2021-05-04,1.3843249223091694,1.255501883288864,1.2668018038164672,1.59676484447673
2021-05-05,1.384117273570823,1.2551880078180417,1.2664966165633365,1.596764844464658
2021-05-06,1.3813086652794935,1.2509430261809484,1.2623691004528395,1.5967648443013505
2021-05-07,1.3798094794542275,1.2486802009580207,1.2601686198489692,1.5967648442140023
2021-05-10,1.3788495827027918,1.247232411623902,1.258760626781091,1.5967648441580145
2021-05-11,1.377420045701947,1.2450772757973454,1.2566646420387901,1.5967648440745759
2021-05-12,1.3759363125853554,1.2428419828516912,1.2544905634192498,1.596764843987884
2021-05-13,1.375326066099547,1.2419232872871833,1.253596968251164,1.59676484395219
2021-05-14,1.3742188480142539,1.2402569189035624,1.2519760844271357,1.5967648438873987
2021-05-17,1.374384606017138,1.2405062514731622,1.2522186231553087,1.5967648438971063
2021-05-18,1.3758377672588924,1.242692266941349,1.2543450582947429,1.5967648439821993
2021-05-19,1.378164738713683,1.246195234976627,1.257752334264173,1.5967648441183162
2021-05-20,1.3803685863796713,1.2495165897982723,1.2609826280961933,1.5967648442470133
2021-05-21,1.3831825748133733,1.2537619839465033,1.2651112280412382,1.596764844411078
2021-05-24,1.3834588764173008,1.2541793986506016,1.2655171093622941,1.5967648444271545
2021-05-25,1.3819775853815144,1.2519412828523926,1.2633408601862592,1.5967648443409832
2021-05-26,1.3836513622652176,1.2544684227051632,1.265798303831834,1.5967648444384561
2021-05-27,1.3814050255915882,1.251074072436635,1.2624978083695448,1.596764844307798
2021-05-28,1.3818207320100133,1.2517015489456995,1.2631079951427673,1.5967648443320168
2021-05-31,1.3825760316722218,1.2528418436974038,1.2642168495538544,1.596764844376007
2021-06-01,1.3803758788528833,1.2495190083385628,1.2609857387151517,1.5967648442479354
2021-06-02,1.378945368862889,1.247360840828419,1.2588869430118255,1.5967648441645323
2021-06-03,1.378945368862889,1.247360840828419,1.2588869430118255,1.5967648441645323
2021-06-04,1.378945368862889,1.247360840828419,1.2588869430118255,1.5967648441645323
2021-06-07,1.378945368862889,1.247360840828419,1.2588869430118255,1.5967648441645323
2021-06-08,1.378945368862889,1.247360840828419,1.2588869430118255,1.5967648441645323
2021-06-09,1.378945368862889,1.247360840828419,1.2588869430118255,1.5967648441645323
2021-06-10,1.378945368862889,1.247360840828419,1.2588869430118255,1.5967648441645323
2021-06-11,1.378945368862889,1.247360840828419,1.2588869430118255,1.5967648441645323
2021-06-14,1.378945368862889,1.247360840828419,1.2588869430118255,1.5967648441645323
2021-06-15,1.378945368862889,1.247360840828419,1.2588869430118255,1.5967648441645323
2021-06-16,1.378945368862889,1.247360840828419,1.2588869430118255,1.5967648441645323
2021-06-17,1.378945368862889,1.247360840828419,1.2588869430118255,1.5967648441645323
2021-06-18,1.378945368862889,1.247360840828419,1.2588869430118255,1.5967648441645323
2021-06-21,1.378945368862889,1.247360840828419,1.2588869430118255,1.5967648441645323
2021-06-22,1.378945368862889,1.247360840828419,1.2588869430118255,1.5967648441645323
2021-06-23,1.378945368862889,1.247360840828419,1.2588869430118255,1.5967648441645323
2021-06-24,1.378945368862889,1.247360840828419,1.2588869430118255,1.5967648441645323
2021-06-25,1.378945368862889,1.247360840828419,1.2588869430118255,1.5967648441645323
2021-06-28,1.378945368862889,1.247360840828419,1.2588869430118255,1.5967648441645323
2021-06-29,1.378945368862889,1.247360840828419,1.2588869430118255,1.5967648441645323
2021-06-30,1.378945368862889,1.247360840828419,1.2588869430118255,1.5967648441645323
2021-07-01,1.378945368862889,1.247360840828419,1.2588869430118255,1.5967648441645323
2021-07-02,1.378945368862889,1.247360840828419,1.2588869430118255,1.5967648441645323
2021-07-05,1.378945368862889,1.247360840828419,1.2588869430118255,1.5967648441645323
2021-07-06,1.378945368862889,1.247360840828419,1.2588869430118255,1.5967648441645323
2021-07-07,1.378945368862889,1.247360840828419,1.2588869430118255,1.5967648441645323
2021-07-08,1.378945368862889,1.247360840828419,1.2588869430118255,1.5967648441645323
2021-07-09,1.378945368862889,1.247360840828419,1.2588869430118255,1.5967648441645323
2021-07-12,1.378945368862889,1.247360840828419,1.2588869430118255,1.5967648441645323
2021-07-13,1.378945368862889,1.247360840828419,1.2588869430118255,1.5967648441645323
2021-07-14,1.378945368862889,1.247360840828419,1.2588869430118255,1.5967648441645323
2021-07-15,1.378945368862889,1.247360840828419,1.2588869430118255,1.5967648441645323
2021-07-16,1.378945368862889,1.247360840828419,1.2588869430118255,1.5967648441645323
2021-07-19,1.378945368862889,1.247360840828419,1.2588869430118255,1.5967648441645323
2021-07-20,1.378945368862889,1.247360840828419,1.2588869430118255,1.5967648441645323
2021-07-21,1.378945368862889,1.247360840828419,1.2588869430118255,1.5967648441645323
2021-07-22,1.378945368862889,1.247360840828419,1.2588869430118255,1.5967648441645323
2021-07-23,1.378945368862889,1.247360840828419,1.2588869430118255,1.5967648441645323
2021-07-26,1.378945368862889,1.247360840828419,1.2588869430118255,1.5967648441645323
2021-07-27,1.378945368862889,1.247360840828419,1.2588869430118255,1.5967648441645323
2021-07-28,1.378945368862889,1.247360840828419,1.2588869430118255,1.5967648441645323
2021-07-29,1.378945368862889,1.247360840828419,1.2588869430118255,1.5967648441645323
2021-07-30,1.378945368862889,1.247360840828419,1.2588869430118255,1.5967648441645323
2021-08-02,1.378945368862889,1.247360840828419,1.2588869430118255,1.5967648441645323
2021-08-03,1.378945368862889,1.247360840828419,1.2588869430118255,1.5967648441645323
2021-08-04,1.378945368862889,1.247360840828419,1.2588869430118255,1.5967648441645323
2021-08-05,1.378945368862889,1.247360840828419,1.2588869430118255,1.5967648441645323
2021-08-06,1.378945368862889,1.247360840828419,1.2588869430118255,1.5967648441645323
2021-08-09,1.378945368862889,1.247360840828419,1.2588869430118255,1.5967648441645323
2021-08-10,1.3787385270575596,1.2470490006182118,1.2585836625404978,1.5967648441524604
2021-08-11,1.379272120211257,1.2478533793987616,1.2593659689442154,1.5967648441836075
2021-08-12,1.3830163016072463,1.2534990980591125,1.2648566388479363,1.5967648444020792
2021-08-13,1.383348945015003,1.2540015845580228,1.2653452455105638,1.5967648444214364
2021-08-16,1.3831149938820044,1.2536481245813642,1.2650015539205235,1.5967648444078257
2021-08-17,1.3794565243568482,1.2481214288265674,1.2596275414546338,1.5967648441949485
2021-08-18,1.3790846809185109,1.247560693789057,1.2590822097963992,1.5967648441732545
2021-08-19,1.383276754383501,1.253881149369438,1.2652291430367781,1.596764844417894
2021-08-20,1.3821806750464272,1.252225234390006,1.263618984804332,1.5967648443541231
2021-08-23,1.3811072404756914,1.2506043876111812,1.2620428499911212,1.5967648442916205
2021-08-24,1.3778069215627409,1.245623609396799,1.2571992411304345,1.5967648440993039
2021-08-25,1.379049943474956,1.2474965586185183,1.259020874573205,1.596764844171911
2021-08-26,1.3844829528765874,1.2556877781890952,1.2669872331498693,1.5967648444889764
2021-08-27,1.3856752364411076,1.2574900585963682,1.2687396226467926,1.596764844558284
2021-08-30,1.388570237820358,1.2618687126011596,1.272996844477322,1.5967648447264258
2021-08-31,1.3894369751918727,1.2631814643095565,1.2742730289475936,1.596764844776661
2021-09-01,1.3893150769340696,1.2629967616535673,1.2740934780436879,1.5967648447696001
2021-09-02,1.386632766122964,1.258932708888264,1.2701427593979346,1.5967648446142195
2021-09-03,1.3887148586026423,1.2620832838994667,1.2732058338437593,1.596764844735064
2021-09-06,1.3895569970989972,1.2633588624345342,1.274445873335227,1.5967648447838683
2021-09-07,1.389628739824381,1.2634675743095154,1.2745515524967543,1.5967648447880232
2021-09-08,1.389628739824381,1.2634675743095154,1.2745515524967543,1.5967648447880232
2021-09-09,1.389628739824381,1.2634675743095154,1.2745515524967543,1.5967648447880232
2021-09-10,1.389628739824381,1.2634675743095154,1.2745515524967543,1.5967648447880232
2021-09-13,1.389628739824381,1.2634675743095154,1.2745515524967543,1.5967648447880232
2021-09-14,1.389628739824381,1.2634675743095154,1.2745515524967543,1.5967648447880232
2021-09-15,1.389628739824381,1.2634675743095154,1.2745515524967543,1.5967648447880232
2021-09-16,1.389628739824381,1.2634675743095154,1.2745515524967543,1.5967648447880232
2021-09-17,1.389628739824381,1.2634675743095154,1.2745515524967543,1.5967648447880232
2021-09-20,1.389628739824381,1.2634675743095154,1.2745515524967543,1.5967648447880232
2021-09-21,1.389628739824381,1.2634675743095154,1.2745515524967543,1.5967648447880232
2021-09-22,1.389628739824381,1.2634675743095154,1.2745515524967543,1.5967648447880232
2021-09-23,1.389628739824381,1.2634675743095154,1.2745515524967543,1.5967648447880232
2021-09-24,1.389628739824381,1.2634675743095154,1.2745515524967543,1.5967648447880232
2021-09-27,1.389628739824381,1.2634675743095154,1.2745515524967543,1.5967648447880232
2021-09-28,1.389628739824381,1.2634675743095154,1.2745515524967543,1.5967648447880232
2021-09-29,1.389628739824381,1.2634675743095154,1.2745515524967543,1.5967648447880232
2021-09-30,1.389628739824381,1.2634675743095154,1.2745515524967543,1.5967648447880232
2021-10-01,1.389628739824381,1.2634675743095154,1.2745515524967543,1.5967648447880232
2021-10-04,1.389628739824381,1.2634675743095154,1.2745515524967543,1.5967648447880232
2021-10-05,1.3894202955134074,1.263151707415938,1.2742444982392467,1.5967648447759513
2021-10-06,1.388881745052888,1.2623356945124133,1.2734512447547455,1.5967648447447567
2021-10-07,1.3922237816806744,1.2673982471051135,1.2783727133258729,1.5967648449384142
2021-10-08,1.39722678189434,1.274988973280628,1.2857508283864776,1.596764845227622
2021-10-11,1.3989160705380077,1.2775581391231319,1.2882474931499404,1.5967648453249248
2021-10-12,1.3953231659050367,1.2720894472627975,1.2829335146286476,1.596764845118224
2021-10-13,1.3965912464697303,1.2740162552645118,1.2848061044154675,1.596764845191365
2021-10-14,1.394888278708426,1.2714270836945942,1.2822899275768733,1.5967648450932297
2021-10-15,1.3941411018444767,1.2702920096344996,1.2811867722159906,1.5967648450501204
2021-10-18,1.3939036058446168,1.269931346391084,1.2808362395690744,1.5967648450364103
2021-10-19,1.3918484484018356,1.2668107230717798,1.277803239489694,1.5967648449177514
2021-10-20,1.3897504240191814,1.2636281450304896,1.274709747295594,1.5967648447964384
2021-10-21,1.3834580271148365,1.2540925602105935,1.2654402312956299,1.5967648444320475
2021-10-22,1.3770255881144424,1.2443743110404013,1.2559905364427104,1.5967648440578524
2021-10-25,1.3820864444215921,1.251996536358072,1.2634042332562676,1.5967648443536335
2021-10-26,1.3807531641168123,1.249983562506935,1.2614467635833406,1.5967648442759954
2021-10-27,1.3756145173772256,1.2422302771684923,1.2539068199242747,1.5967648439764786
2021-10-28,1.3739968682342967,1.2397956164916366,1.2515386148671261,1.5967648438818383
2021-10-29,1.3743163738113837,1.2402761144499108,1.2520060306927354,1.596764843900553
2021-11-01,1.382103170388551,1.251988334899749,1.2633992114450385,1.5967648443565488
