w_pb07,w_bb01,total_return,annual_vol,sharpe,max_drawdown,evaluation
0.0,1.0,0.2008919763320549,0.325575953113723,0.32466249761558935,-0.24815267945630803,full_sample_descriptive
0.1,0.9,0.16181135964619608,0.2973566688633526,0.29393769597814234,-0.2246129376784961,full_sample_descriptive
0.2,0.8,0.11888636305618894,0.27116142024233203,0.2548532386935976,-0.20075613905571132,full_sample_descriptive
0.30000000000000004,0.7,0.0726366885445271,0.2476333644259114,0.20517589906980396,-0.1765937709053398,full_sample_descriptive
0.4,0.6,0.023604622208116766,0.227601165560905,0.1428394715558736,-0.15852992106272068,full_sample_descriptive
0.5,0.5,-0.027655059781724667,0.21205786472375268,0.06702162290185719,-0.14604011774664805,full_sample_descriptive
0.6000000000000001,0.3999999999999999,-0.08058500813217795,0.20204213782387295,-0.02022105770739726,-0.15526877879122325,full_sample_descriptive
0.7000000000000001,0.29999999999999993,-0.13463480641220438,0.1983929256813684,-0.11282395086646128,-0.18926182583331863,full_sample_descriptive
0.8,0.19999999999999996,-0.1892698545944771,0.20145649779323002,-0.20193660723817294,-0.22431084184798478,full_sample_descriptive
0.9,0.09999999999999998,-0.243979446631588,0.21094057951125245,-0.27960200819779213,-0.26016349912141823,full_sample_descriptive
1.0,0.0,-0.29828389078236894,0.2260384385557044,-0.3418771519882682,-0.30607435565225793,full_sample_descriptive
