date,dynamic_erc_wfo_equity
2019-12-20,1.0116368419515154
2019-12-23,1.0140434504659257
2019-12-24,1.0025473153794855
2019-12-25,1.0040586474575208
2019-12-26,0.9960750774576265
2019-12-27,0.9934749760281734
2019-12-30,0.9736364430155506
2019-12-31,0.9794302992872884
2020-01-01,0.9669217089257881
2020-01-02,0.967458887652969
2020-01-03,0.9781257223784201
2020-01-06,0.9952003319209589
2020-01-07,0.9894064756492212
2020-01-08,0.977319954287649
2020-01-09,0.9888309270129558
2020-01-10,0.9867205820133165
2020-01-13,1.0006447565641292
2020-01-14,1.0069031511810977
2020-01-15,1.0069031511810977
2020-01-16,1.0069031511810977
2020-01-17,1.0069031511810977
2020-01-20,1.0066354318392015
2020-01-21,1.0064421003167858
2020-01-22,1.005842671208277
2020-01-23,1.0005997494258692
2020-01-24,0.9853617306388555
2020-01-27,0.9823666375746307
2020-01-28,0.9819122127644686
2020-01-29,0.9687358273099682
2020-01-30,0.9664044236420379
2020-01-31,0.9632457477048423
2020-02-03,0.9864093712442777
2020-02-04,0.9867478008089774
2020-02-05,1.0101370440582127
2020-02-06,1.0100618374882795
2020-02-07,0.9948701103617665
2020-02-10,0.9958477957708984
2020-02-11,1.0350680219910793
2020-02-12,1.0492619767778535
2020-02-13,1.0464631618684572
2020-02-14,1.0321555114266125
2020-02-17,1.028312468149818
2020-02-18,1.028312468149818
2020-02-19,1.028312468149818
2020-02-20,1.028312468149818
2020-02-21,1.028312468149818
2020-02-24,1.0280717236504406
2020-02-25,1.0368918273810481
2020-02-26,1.0518699722445473
2020-02-27,1.0461812543549138
2020-02-28,1.0537706716607487
2020-03-02,1.0626589691893347
2020-03-03,1.060143351874657
2020-03-04,1.0663052512305904
2020-03-05,1.069563010402593
2020-03-06,1.0788388070847517
2020-03-09,1.0788334279178036
2020-03-10,1.0788334279178036
2020-03-11,1.0788334279178036
2020-03-12,1.0788334279178036
2020-03-13,1.0788334279178036
2020-03-16,1.0788334279178036
2020-03-17,1.0788334279178036
2020-03-18,1.0788334279178036
2020-03-19,1.0788334279178036
2020-03-20,1.0788334279178036
2020-03-23,1.0788334279178036
2020-03-24,1.0788334279178036
2020-03-25,1.0788334279178036
2020-03-26,1.0788334279178036
2020-03-27,1.0788334279178036
2020-03-30,1.0788334279178036
2020-03-31,1.0788334279178036
2020-04-01,1.0788334279178036
2020-04-02,1.0788334279178036
2020-04-03,1.0788334279178036
2020-04-06,1.0788334279178036
2020-04-07,1.0788334279178036
2020-04-08,1.0788334279178036
2020-04-09,1.0788334279178036
2020-04-10,1.0788334279178036
2020-04-13,1.0788334279178036
2020-04-14,1.0788334279178036
2020-04-15,1.0788334279178036
2020-04-16,1.0788334279178036
2020-04-17,1.0788334279178036
2020-04-20,1.0788334279178036
2020-04-21,1.0788334279178036
2020-04-22,1.0788334279178036
2020-04-23,1.0788334279178036
2020-04-24,1.0788334279178036
2020-04-27,1.0788334279178036
2020-04-28,1.0788334279178036
2020-04-29,1.0788334279178036
2020-04-30,1.0788334279178036
2020-05-01,1.0788334279178036
2020-05-04,1.0788334279178036
2020-05-05,1.0788334279178036
2020-05-06,1.0788334279178036
2020-05-07,1.0788334279178036
2020-05-08,1.0788334279178036
2020-05-11,1.0788334279178036
2020-05-12,1.0788334279178036
2020-05-13,1.0788334279178036
2020-05-14,1.0788334279178036
2020-05-15,1.0788334279178036
2020-05-18,1.0788334279178036
2020-05-19,1.0788334279178036
2020-05-20,1.0788334279178036
2020-05-21,1.0788334279178036
2020-05-22,1.0788334279178036
2020-05-25,1.0788334279178036
2020-05-26,1.0788334279178036
2020-05-27,1.0788334279178036
2020-05-28,1.0788334279178036
2020-05-29,1.0788334279178036
2020-06-01,1.0785519829085761
2020-06-02,1.0778364040098696
2020-06-03,1.0810186911933841
2020-06-04,1.0843312652367594
2020-06-05,1.0831048813937962
2020-06-08,1.0812237925729138
2020-06-09,1.0817791042935092
2020-06-10,1.0818980436990087
2020-06-11,1.082353932148285
2020-06-12,1.079639470665933
2020-06-16,1.0863179585609073
2020-06-17,1.08316821031551
2020-06-18,1.0850298202653674
2020-06-19,1.0852550767018532
2020-06-22,1.08574302925846
2020-06-23,1.0885568534039796
2020-06-24,1.0888187880402098
2020-06-25,1.0863123129293308
2020-06-26,1.085431107256481
2020-06-29,1.085975279437805
2020-06-30,1.0913860674286981
2020-07-01,1.0913860674286981
2020-07-02,1.0911155923068891
2020-07-03,1.0891642607700966
2020-07-06,1.0884009206950696
2020-07-07,1.0870594637352102
2020-07-08,1.0838135336238843
2020-07-09,1.0757113269665488
2020-07-10,1.0797842896888328
2020-07-13,1.0836350531761534
2020-07-14,1.082212596476824
2020-07-15,1.0774897129307506
2020-07-16,1.0818195928943866
2020-07-17,1.0792697007044374
2020-07-20,1.0781420373228476
2020-07-21,1.0786688408968492
2020-07-23,1.0745881410892868
2020-07-24,1.0740595567057345
2020-07-27,1.0761560660880731
2020-07-28,1.076815819770659
2020-07-29,1.0737451669665292
2020-07-30,1.0693996990911763
2020-07-31,1.0712015630155036
2020-08-03,1.0712015630155036
2020-08-04,1.0712015630155036
2020-08-05,1.0712015630155036
2020-08-06,1.0712015630155036
2020-08-07,1.0709314350871737
2020-08-10,1.0770598270689533
2020-08-11,1.07598436000675
2020-08-12,1.072894335902904
2020-08-13,1.0718147556781565
2020-08-14,1.0717747316060615
2020-08-17,1.0787591885176007
2020-08-18,1.0810659918153294
2020-08-19,1.0930322977628866
2020-08-20,1.096939340732231
2020-08-21,1.090639747147105
2020-08-24,1.090639747147105
2020-08-25,1.090639747147105
2020-08-26,1.090639747147105
2020-08-27,1.090639747147105
2020-08-28,1.0903647174368964
2020-08-31,1.0904664190033961
2020-09-01,1.090995218680965
2020-09-02,1.0951016293504245
2020-09-03,1.104661576639591
2020-09-04,1.0998214974829243
2020-09-07,1.0980666594072688
2020-09-08,1.1076021364234352
2020-09-09,1.125677677457475
2020-09-10,1.1261076088644413
2020-09-11,1.1403594671468777
2020-09-14,1.1454728796098077
2020-09-15,1.1447429754281464
2020-09-16,1.1486831916354496
2020-09-17,1.1510198848176392
2020-09-18,1.1540206963330693
2020-09-21,1.1542494480075443
2020-09-22,1.1537348612747629
2020-09-23,1.1404638915659684
2020-09-24,1.1353886061863057
2020-09-25,1.1293400207951854
2020-09-28,1.1319911381043768
2020-09-29,1.130046455587055
2020-09-30,1.1361245866539573
2020-10-01,1.1391858273288893
2020-10-02,1.1439582920643772
2020-10-05,1.1545592265641456
2020-10-06,1.1529772416650605
2020-10-08,1.1612582951559658
2020-10-09,1.1612582951559658
2020-10-12,1.1612582951559658
2020-10-13,1.1612582951559658
2020-10-14,1.1612582951559658
2020-10-15,1.1612582951559658
2020-10-16,1.1612582951559658
2020-10-19,1.1612582951559658
2020-10-20,1.1612582951559658
2020-10-21,1.1612582951559658
2020-10-22,1.1612582951559658
2020-10-23,1.1612582951559658
2020-10-26,1.1612582951559658
2020-10-27,1.1612582951559658
2020-10-28,1.1612582951559658
2020-10-29,1.1609715693187175
2020-10-30,1.1594218831610301
2020-11-02,1.1596066227128317
2020-11-03,1.1577410578868352
2020-11-04,1.15787056837406
2020-11-05,1.1587215397243316
2020-11-06,1.1457262602758018
2020-11-09,1.1478583917392617
2020-11-10,1.1612055578629639
2020-11-11,1.164231355920121
2020-11-12,1.164433766562796
2020-11-13,1.1601103095452419
2020-11-16,1.152981569249566
2020-11-17,1.1481677872675082
2020-11-18,1.1457598410758991
2020-11-19,1.1488651279838802
2020-11-20,1.1511596761195293
2020-11-23,1.1515878631177803
2020-11-24,1.1516064728510487
2020-11-25,1.1455770191459043
2020-11-26,1.1570945038863967
2020-11-27,1.1570945038863967
2020-11-30,1.1570945038863967
2020-12-01,1.1570945038863967
2020-12-02,1.1570945038863967
2020-12-03,1.1568088061292428
2020-12-04,1.1628034626089212
2020-12-07,1.1677546798403557
2020-12-08,1.1782799655658047
2020-12-09,1.180669010747593
2020-12-10,1.1832310289504462
2020-12-11,1.1954516234304793
2020-12-14,1.1811426714495077
2020-12-15,1.1882298656961505
2020-12-16,1.178864347680112
2020-12-17,1.1754507746490812
2020-12-21,1.1783909653832365
2020-12-22,1.1842898285422545
2020-12-23,1.1869144852327047
2020-12-24,1.1855796555902849
2020-12-25,1.1875843703906623
2020-12-28,1.1810511327328233
2020-12-29,1.1876241658972635
2020-12-30,1.1904462086626824
2020-12-31,1.1907873892418934
2021-01-01,1.194866680932079
2021-01-04,1.194866680932079
2021-01-06,1.194866680932079
2021-01-07,1.194866680932079
2021-01-08,1.194866680932079
2021-01-11,1.194866680932079
2021-01-12,1.194866680932079
2021-01-13,1.194866680932079
2021-01-14,1.194866680932079
2021-01-15,1.194866680932079
2021-01-18,1.194866680932079
2021-01-19,1.194866680932079
2021-01-20,1.194866680932079
2021-01-21,1.194866680932079
2021-01-22,1.194866680932079
2021-01-25,1.194866680932079
2021-01-26,1.194866680932079
2021-01-27,1.194866680932079
2021-01-28,1.194866680932079
2021-01-29,1.194866680932079
2021-02-01,1.194866680932079
2021-02-02,1.194866680932079
2021-02-03,1.194866680932079
2021-02-04,1.194866680932079
2021-02-05,1.194866680932079
2021-02-08,1.194866680932079
2021-02-09,1.194866680932079
2021-02-10,1.194866680932079
2021-02-11,1.194866680932079
2021-02-12,1.194866680932079
2021-02-15,1.194866680932079
2021-02-16,1.194866680932079
2021-02-17,1.194866680932079
2021-02-18,1.194866680932079
2021-02-19,1.194866680932079
2021-02-22,1.194866680932079
2021-02-23,1.194866680932079
2021-02-24,1.194866680932079
2021-02-25,1.194866680932079
2021-02-26,1.194866680932079
2021-03-01,1.194866680932079
2021-03-02,1.194866680932079
2021-03-03,1.194866680932079
2021-03-04,1.194866680932079
2021-03-05,1.194866680932079
2021-03-08,1.194866680932079
2021-03-09,1.194866680932079
2021-03-10,1.194866680932079
2021-03-11,1.194866680932079
2021-03-12,1.194866680932079
2021-03-15,1.194866680932079
2021-03-16,1.194866680932079
2021-03-17,1.194866680932079
2021-03-18,1.194866680932079
2021-03-19,1.194866680932079
2021-03-22,1.194866680932079
2021-03-23,1.194866680932079
2021-03-24,1.194866680932079
2021-03-25,1.194866680932079
2021-03-26,1.194866680932079
2021-03-29,1.194866680932079
2021-03-30,1.194866680932079
2021-03-31,1.194866680932079
2021-04-01,1.194866680932079
2021-04-02,1.194866680932079
2021-04-05,1.194866680932079
2021-04-06,1.194866680932079
2021-04-07,1.194866680932079
2021-04-08,1.194866680932079
2021-04-09,1.194866680932079
2021-04-12,1.194866680932079
2021-04-13,1.194866680932079
2021-04-14,1.194866680932079
2021-04-15,1.194866680932079
2021-04-16,1.194866680932079
2021-04-19,1.194866680932079
2021-04-20,1.194866680932079
2021-04-21,1.194866680932079
2021-04-22,1.194866680932079
2021-04-23,1.194866680932079
2021-04-26,1.194866680932079
2021-04-27,1.194866680932079
2021-04-28,1.194866680932079
2021-04-29,1.194866680932079
2021-04-30,1.194866680932079
2021-05-03,1.194866680932079
2021-05-04,1.194866680932079
2021-05-05,1.1945766917393563
2021-05-06,1.1906547293493717
2021-05-07,1.188563885134889
2021-05-10,1.1872260609875407
2021-05-11,1.185234548504273
2021-05-12,1.1831688601722967
2021-05-13,1.182319826745881
2021-05-14,1.1807797811741234
2021-05-17,1.1810102215716578
2021-05-18,1.1830305886506827
2021-05-19,1.18626794797641
2021-05-20,1.1893372126248771
2021-05-21,1.1932600775210909
2021-05-24,1.1936457424174647
2021-05-25,1.191577884491842
2021-05-26,1.1939129017972865
2021-05-27,1.1907767872227089
2021-05-28,1.1913565724711344
2021-05-31,1.1924101838547285
2021-06-01,1.1893400267248737
2021-06-02,1.1873458177268374
2021-06-03,1.1873458177268374
2021-06-04,1.1873458177268374
2021-06-07,1.1873458177268374
2021-06-08,1.1873458177268374
2021-06-09,1.1873458177268374
2021-06-10,1.1873458177268374
2021-06-11,1.1873458177268374
2021-06-14,1.1873458177268374
2021-06-15,1.1873458177268374
2021-06-16,1.1873458177268374
2021-06-17,1.1873458177268374
2021-06-18,1.1873458177268374
2021-06-21,1.1873458177268374
2021-06-22,1.1873458177268374
2021-06-23,1.1873458177268374
2021-06-24,1.1873458177268374
2021-06-25,1.1873458177268374
2021-06-28,1.1873458177268374
2021-06-29,1.1873458177268374
2021-06-30,1.1873458177268374
2021-07-01,1.1873458177268374
2021-07-02,1.1873458177268374
2021-07-05,1.1873458177268374
2021-07-06,1.1873458177268374
2021-07-07,1.1873458177268374
2021-07-08,1.1873458177268374
2021-07-09,1.1873458177268374
2021-07-12,1.1873458177268374
2021-07-13,1.1873458177268374
2021-07-14,1.1873458177268374
2021-07-15,1.1873458177268374
2021-07-16,1.1873458177268374
2021-07-19,1.1873458177268374
2021-07-20,1.1873458177268374
2021-07-21,1.1873458177268374
2021-07-22,1.1873458177268374
2021-07-23,1.1873458177268374
2021-07-26,1.1873458177268374
2021-07-27,1.1873458177268374
2021-07-28,1.1873458177268374
2021-07-29,1.1873458177268374
2021-07-30,1.1873458177268374
2021-08-02,1.1873458177268374
2021-08-03,1.1873458177268374
2021-08-04,1.1873458177268374
2021-08-05,1.1873458177268374
2021-08-06,1.1873458177268374
2021-08-09,1.1873458177268374
2021-08-10,1.187080234288468
2021-08-11,1.1877653136971198
2021-08-12,1.1925733757609152
2021-08-13,1.1930011052911171
2021-08-16,1.192700243692432
2021-08-17,1.1879958358679557
2021-08-18,1.187518307115185
2021-08-19,1.192901138395667
2021-08-20,1.1914916228562253
2021-08-23,1.1901117652944542
2021-08-24,1.1858709558538731
2021-08-25,1.1874663219492156
2021-08-26,1.1944424471513881
2021-08-27,1.1959763211180714
2021-08-30,1.1997023172850232
2021-08-31,1.2008189893997219
2021-09-01,1.2006618921083791
2021-09-02,1.197205192970298
2021-09-03,1.1998858401220218
2021-09-06,1.2009516826722815
2021-09-07,1.2010425085760055
2021-09-08,1.2010425085760055
2021-09-09,1.2010425085760055
2021-09-10,1.2010425085760055
2021-09-13,1.2010425085760055
2021-09-14,1.2010425085760055
2021-09-15,1.2010425085760055
2021-09-16,1.2010425085760055
2021-09-17,1.2010425085760055
2021-09-20,1.2010425085760055
2021-09-21,1.2010425085760055
2021-09-22,1.2010425085760055
2021-09-23,1.2010425085760055
2021-09-24,1.2010425085760055
2021-09-27,1.2010425085760055
2021-09-28,1.2010425085760055
2021-09-29,1.2010425085760055
2021-09-30,1.2010425085760055
2021-10-01,1.2010425085760055
2021-10-04,1.2010425085760055
2021-10-05,1.2007786128690092
2021-10-06,1.2000968420719005
2021-10-07,1.2043268863759449
2021-10-08,1.2106662920311677
2021-10-11,1.2128103874021756
2021-10-12,1.2082476063862535
2021-10-13,1.209856067895579
2021-10-14,1.207695074173036
2021-10-15,1.2067474765269426
2021-10-18,1.2064463502498604
2021-10-19,1.2038407783727683
2021-10-20,1.2011826844693436
2021-10-21,1.193216120567596
2021-10-22,1.1850894718283342
2021-10-25,1.1914694005038127
2021-10-26,1.1897857504169822
2021-10-27,1.1832996425572033
2021-10-28,1.1812613571164354
2021-10-29,1.181663723217788
2021-11-01,1.1914710060262186
