,BB01_Breakout_20D,PB07_TailReversal_10D,BB03_Reversal_10D,MeanReversion_Composite_10D,BB03_RegimeFiltered_10D,BB04_Reversal_5D,VB03_Continuation_5D,BB07_UpperTail_10D,PB07_BB03_BB04_Conditional
BB01_Breakout_20D,1.0,0.2370077610644065,-0.49871759255332765,-0.09799319414419659,-0.49871759255332765,0.10948294516714732,0.11681088975250234,0.4249505971158762,-0.04822971697229571
PB07_TailReversal_10D,0.2370077610644065,1.0,-0.003389068894667759,0.5249583551468603,-0.003389068894667759,0.5117222498788102,0.1685530478788471,0.5517931984948136,0.5445223135015616
BB03_Reversal_10D,-0.49871759255332765,-0.003389068894667759,1.0,0.2956466982761537,1.0,-8.844945909736153e-05,-0.1517377467721039,-0.22259595260349177,0.36702953683677614
MeanReversion_Composite_10D,-0.09799319414419659,0.5249583551468603,0.2956466982761537,1.0,0.29564669827615375,0.27435411468041576,0.06312298456266595,0.2072941512354681,0.4247483551180238
BB03_RegimeFiltered_10D,-0.49871759255332765,-0.003389068894667759,1.0,0.29564669827615375,1.0,-8.844945909736153e-05,-0.1517377467721039,-0.22259595260349177,0.36702953683677614
BB04_Reversal_5D,0.10948294516714732,0.5117222498788102,-8.844945909736153e-05,0.27435411468041576,-8.844945909736153e-05,1.0,0.1584884713461656,0.2875629423090427,0.5321351570375312
VB03_Continuation_5D,0.11681088975250234,0.1685530478788471,-0.1517377467721039,0.06312298456266595,-0.1517377467721039,0.1584884713461656,1.0,0.3345617786800082,0.05782608936866615
BB07_UpperTail_10D,0.4249505971158762,0.5517931984948136,-0.22259595260349177,0.2072941512354681,-0.22259595260349177,0.2875629423090427,0.3345617786800082,1.0,0.2685129938606993
PB07_BB03_BB04_Conditional,-0.04822971697229571,0.5445223135015616,0.36702953683677614,0.4247483551180238,0.36702953683677614,0.5321351570375312,0.05782608936866615,0.2685129938606993,1.0
